"record_id","timeline","english_title","english_date","english_popup","ndn (Nepali title)","ndate (Nepali date)","npopup (Nepali popup)"
"5963ff0f43fbce217a9bc5b7#0","Scientific Revolution","Andreas Vesalius publishes his work on human anatomy","1543","'This is considered to be the first great modern work of science and the base of modern biology. In it, Vesalius makes new observations about the structure of the human body.'","","",""
"5963ff0f43fbce217a9bc5b7#1","Scientific Revolution","Nicolas Copernicus publishes his work on planets","1543","'Copernicus proposes that the Sun, not the Earth, is the center of our solar system. This is called the heliocentric theory.'","","",""
"5963ff0f43fbce217a9bc5b7#2","Scientific Revolution","Giordano Bruno talks of the infinite universe","1584","'The rebellious Italian monk talks about his philosophy, including his argument that the universe is infinitely large and that the Earth is not at the center of it.'","","",""
"5963ff0f43fbce217a9bc5b7#3","Scientific Revolution","Francois Viete invents analytical trigonometry","1591","'The invention of analytical trigonometry, a branch of mathematics involving the position of trigonometric identities, is key to the study of physics and astronomy.'","","",""
"5963ff0f43fbce217a9bc5b7#4","Scientific Revolution","Galileo Galilei demonstrates the properties of gravity","1591","'Galileo shows, from the top of the leaning tower of Pisa, that a one-pound weight and a one hundred-pound weight dropped at the same moment hit the ground at the same time. This proves that the rate of fall of an object is not dependent upon its weight.'","","",""
"5963ff0f43fbce217a9bc5b7#5","Scientific Revolution","Galileo publishes his booklet on moons","1610","'This 24-page booklet describes observations made by Galileo of the surface of the moon, and of the moons orbiting Jupiter, making the Church afraid. The Inquisition soon warns Galileo to stop spreading his theories.'","","",""
"5963ff0f43fbce217a9bc5b7#6","Scientific Revolution","John Napier makes calculation easier","1614","'Napier invents a new way of arranging logarithms, which is an essential step in simplifying calculations.'","","",""
"5963ff0f43fbce217a9bc5b7#7","Scientific Revolution","Johannes Kepler reveals his last law on planetary motion","1618","'Kepler`s laws of planetary motion describe the form and movement of planetary paths, and are the final step leading to the academic rejection of the Aristotelian system.'","","",""
"5963ff0f43fbce217a9bc5b7#8","Scientific Revolution","Francis Bacon tries to relate different sciences","1620","'Bacon attempts to create organization and cooperation within the scientific community by demonstrating how the many different fields of science relate to one another.'","","",""
"5963ff0f43fbce217a9bc5b7#9","Scientific Revolution","Galileo proves the Earth is not the center of the solar system","1630","'Galileo`s greatest work uses the laws of physics to prove wrong the Aristotelian argument that the Earth is the center of the solar system and supports the heliocentric theory. Galileo presents his claim that the laws of earth physics are no different than the laws of space physics.'","","",""
"5963ff0f43fbce217a9bc5b7#10","Scientific Revolution","The Church forces Galileo to withdraw","1633","'The Inquisition forces Galileo to withdraw his ideas and convict him to house arrest for the remaining nine years of his life. His Dialogue is burned as heretical, and his punishment to be read at every university.'","","",""
"5963ff0f43fbce217a9bc5b7#11","Scientific Revolution","Rene Descartes begins setting up the modern scientific method","1637","'The work of Descartes sets forth the principles of deductive reasoning as used in the modern scientific method.'","","",""
"5963ff0f43fbce217a9bc5b7#12","Scientific Revolution","Rene Descartes publishes geometry","1637","'In this important work, Descartes discusses how motion may be shown as a curve along a graph, defined by its relation to planes of reference.'","","",""
"5963ff0f43fbce217a9bc5b7#13","Scientific Revolution","Evangelista Torricelli invents the barometer","1643","'Torricelli invented a device that measures air pressure, which demonstrated that air does indeed have weight, and that the pressure caused by that weight differs in different situations.'","","",""
"5963ff0f43fbce217a9bc5b7#14","Scientific Revolution","Otto von Guericke invents the Air Pump","1656","'Van Guerick shows the properties of a vacuum by using his air pump to take the air from within his famous ""Magdeberg hemispheres,"" which, though easily separated in normal conditions, could not be parted by two teams of sixteen horses once he had removed the air.'","","",""
"5963ff0f43fbce217a9bc5b7#15","Scientific Revolution","The Royal Society of London is Officially Organized by King Charles II","1662","'The Royal Society brings together the greatest minds of the region in efforts to advance science through cooperation. Similar societies subsequently spring up throughout Europe, creating an intellectual network, which produces many of the scientific advances of the later seventeenth century. King Charles II grants them a mace.'","","",""
"5963ff0f43fbce217a9bc5b7#16","Scientific Revolution","Robert Boyle publishes his study of matter","1666","'Although this work by Boyle has some mistakes, it sets the stage for the study of matter on the atomic level.'","","",""
"5963ff0f43fbce217a9bc5b7#17","Scientific Revolution","Isaac Newton publishes the Principia","1687","'Perhaps the most important event in the history of science, the Principia lays out the total model of the universe as organized according to the law of universal gravitation. The Principia is the combination of the works of all of the great astronomers who preceded Newton, and remains the basis of modern physics and astronomy.'","","",""
"5963ff0f43fbce217a9bc5b7#18","Scientific Revolution","The Salem Witch Trials take place in Massachusetts","1692","'Even late in the seventeenth century, 200 people are accused of witchcraft in Salem, Massachusetts. Over 7,000 women were killed for witchcraft in Europe between 1550 and 1700.'","","",""
"5963ffda43fbce217a9bc5b8#0","Earthquakes near Nepal","Kathmandu","1255","'Magnitude of Earthquake= 7.8<br>Number of Deaths= 2,200<br>'","","",""
"5963ffda43fbce217a9bc5b8#1","Earthquakes near Nepal","Sagarmatha","1260","'Magnitude of Earthquake= 7.1<br>Number of Deaths= 100<br>'","","",""
"5963ffda43fbce217a9bc5b8#2","Earthquakes near Nepal","Mechi","1344","'Magnitude of Earthquake: 7.9<br>Number of Deaths: 100<br>'","","",""
"5963ffda43fbce217a9bc5b8#3","Earthquakes near Nepal","Near Nepal-Tibet Border (Bagmati zone)","1408","'Magnitude of Earthquake: 8.2<br>Number of Deaths: 2,500<br>'","","",""
"5963ffda43fbce217a9bc5b8#4","Earthquakes near Nepal","Near Saldang, Karnali zone","1505","'Magnitude of Earthquake: 8.8<br>Number of Deaths: 6,000<br>'","","",""
"5963ffda43fbce217a9bc5b8#5","Earthquakes near Nepal","Northern Kosi zone","1681","'Magnitude of Earthquake: 8.0<br>Number of Deaths: 4,500<br>'","","",""
"5963ffda43fbce217a9bc5b8#6","Earthquakes near Nepal","Northern Bagmati zone","1767","'Magnitude of Earthquake: 7.9<br>Number of Deaths: 4,000<br>'","","",""
"5963ffda43fbce217a9bc5b8#7","Earthquakes near Nepal","Kathmandu/Bihar","1833","'Magnitude of Earthquake: 8.0<br>Number of Deaths: 6,500<br>'","","",""
"5963ffda43fbce217a9bc5b8#8","Earthquakes near Nepal","Kathmandu","1869","'Magnitude of Earthquake: 6.5<br>Number of Deaths: 750<br>'","","",""
"5963ffda43fbce217a9bc5b8#9","Earthquakes near Nepal","Nepal/Tibet","1916","'Magnitude of Earthquake: 7.7<br>Number of Deaths: 3,500<br>'","","",""
"5963ffda43fbce217a9bc5b8#10","Earthquakes near Nepal","Nepal/India/Tibet","1934","'Magnitude of Earthquake: 8.4<br>Number of Deaths: 8,519<br>'","","",""
"5963ffda43fbce217a9bc5b8#11","Earthquakes near Nepal","Nepal/India border","1966","'Magnitude of Earthquake: 6.3<br>Number of Deaths: 80<br>'","","",""
"5963ffda43fbce217a9bc5b8#12","Earthquakes near Nepal","Nepal/Pithoragarh","1980","'Magnitude of Earthquake: 6.5<br>Number of Deaths: 200<br>'","","",""
"5963ffda43fbce217a9bc5b8#13","Earthquakes near Nepal","Kathmandu/Bihar","1988","'Magnitude of Earthquake: 6.6<br>Number of Deaths: 1,091<br>'","","",""
"5963ffda43fbce217a9bc5b8#14","Earthquakes near Nepal","Sikkim, India","2011","'Magnitude of Earthquake: 6.9<br>Number of Deaths: 111<br>'","","",""
"5963ffda43fbce217a9bc5b8#15","Earthquakes near Nepal","Kathmandu/India/Tibet","April 2015","'Magnitude of Earthquake: 7.8<br>Number of Deaths: 8,922<br>'","","",""
"5963ffda43fbce217a9bc5b8#16","Earthquakes near Nepal","Nepal/China/India","May 2015","'Magnitude of Earthquake: 7<br>Number of Deaths: 213<br>'","","",""
"596400b143fbce217a9bc5ba#0","World War II","Adolf Hitler becomes Chancellor of Germany","January 30, 1933","'By 1933, the Nazi Party was the largest elected party in the German Reichstag, which led to the appointment of Hitler as Chancellor on January 30, 1933.'","","",""
"596400b143fbce217a9bc5ba#1","World War II","Rome-Berlin Axis Treaty","October 25, 1936","'Rome-Berlin Axis, Coalition formed in 1936 between Italy and Germany. An agreement formulated by the foreign minister of Italy, Galeazzo Ciano, informally linking the two fascist countries was reached on October 25, 1936.'","","",""
"596400b143fbce217a9bc5ba#2","World War II","Anti-Comintern Pact against Communism","November 25, 1936","'Anti-Comintern Pact, agreement concluded first between Germany and Japan (Nov. 25, 1936) and then between Italy, Germany, and Japan (Nov. 6, 1937), ostensibly directed against the Communist International (Comintern) but, by implication, specifically against the Soviet Union.'","","",""
"596400b143fbce217a9bc5ba#3","World War II","Japan invades China","July 7, 1937","'On the night of July 7, 1937, Chinese and Japanese troops exchanged fire in the vicinity of the Lugou (or Marco Polo) bridge, a crucial access-route to Beijing. What began as confused, sporadic skirmishing soon escalated into a full-scale battle in which Beijing and its port city of Tianjin fell to Japanese forces (July–August 1937).'","","",""
"596400b143fbce217a9bc5ba#4","World War II","Hitler annexes Austria","March 12, 1938","'Anschluss (A german word for connection or joining) is the term used to describe the annexation of Austria into Nazi Germany on 12 March 1938.'","","",""
"596400b143fbce217a9bc5ba#5","World War II","Germany invades Poland","September 1, 1939","'The Invasion of Poland, also known as the September Campaign, was a joint invasion of Poland by Nazi Germany, the Soviet Union, the Free City of Danzig, and a small Slovak contingent, that marked the beginning of World War II.'","","",""
"596400b143fbce217a9bc5ba#6","World War II","War declared on Germany","September 3, 1939","'The Declaration of war by France and the United Kingdom was given on 3 September 1939, after German forces invaded Poland. Despite the speech being the official announcement of both France and the United Kingdom, the speech was given by the British Prime Minister Neville Chamberlain, in Westminster, London.'","","",""
"596400b143fbce217a9bc5ba#7","World War II","Germany seizes Denmark and Norway","April - June, 1940","'The German invasion of Denmark was the fighting that followed the German army crossing the Danish border on 9 April 1940 by land, sea and air. Lasting approximately six hours, the German ground campaign against Denmark was one of the shortest military operations of the Second World War.'","","",""
"596400b143fbce217a9bc5ba#8","World War II","Germany seizes the Netherlands and more","May - June, 1940","'The direct involvement of the Netherlands in World War II began with its invasion by Nazi Germany on 10 May 1940. The Netherlands had proclaimed neutrality when war broke out in September 1939, just as it had in World War I, but Adolf Hitler ordered it to be invaded anyway.'","","",""
"596400b143fbce217a9bc5ba#9","World War II","Italy joins the war","June 10, 1940","'On this day in 1940, after withholding formal allegiance to either side in the battle between Germany and the Allies, Benito Mussolini, dictator of Italy, declares war on France and Great Britain.'","","",""
"596400b143fbce217a9bc5ba#10","World War II","Tripartite Act","September 22, 1940","'Berlin-Tokyo-Rome Axis. In Berlin, Germany, officials from Nazi Germany, Fascist Italy, and Imperial Japan sign the ten-year Tripartite Pact (the Three-Power Agreement), a military alliance. The pact sealed cooperation among the three nations (Axis powers) in waging World War II.'","","",""
"596400b143fbce217a9bc5ba#11","World War II","The Axis powers attack Russia","June 22, 1941","'With permission from Adolf Hitler, German forces attacked the western region of the Soviet Union. The goal of Germany was to take over part of the Soviet Union and have only Germans occupy it. Germany soon occupied Ukraine (in the Soviet Union), which was a major victory for the Nazis.'","","",""
"596400b143fbce217a9bc5ba#12","World War II","Japan attacks Pearl Harbor","December 7, 1941","'353 Japanese aircrafts launched a surprise attack on the United States naval base in Pearl Harbor, Hawaiian Territory. Four of the eight US ships sunk as a result of the attack. This was the reason the United States decided to enter World War II.'","","",""
"596400b143fbce217a9bc5ba#13","World War II","Battle of Midway","June 4, 1942","'The Japanese attacked United States navy ships near Japan in hopes of causing the US to stop fighting in the Pacific Ocean. However, the US found out about the surprise attack before it happened and they were able to defeat the Japanese ships very convincingly.'","","",""
"596400b143fbce217a9bc5ba#14","World War II","The Allies invade Sicily","July 10, 1942","'Allied forces use ships and planes to invade the Italian island of Sicily because Italy was on the side of Germany. After over a month of fighting, the Allies were victorious because they took control of the island and forced Axis troops off.'","","",""
"596400b143fbce217a9bc5ba#15","World War II","Italy surrenders to the Allies","September 3, 1943","'Italy, who began the war on the side of Nazi Germany and the rest of the Axis Powers, was surrounded by Allied troops in the summer of 1943. Eventually, the King and Prime Minister of Italy signed a document promising their surrender to the Allies. Shortly after, Germany invaded Italy.'","","",""
"596400b143fbce217a9bc5ba#16","World War II","Normandy or D-day","June 6, 1944","'Allied forces successfully attacked a beach in Normandy, France by using the largest amphibious (ship) invasion in history. Many countries, from Britain and Canada to Australia and New Zealand, supported this attack. Both sides suffered over 100,000 casualties.'","","",""
"596400b143fbce217a9bc5ba#17","World War II","Paris is liberated","August 25, 1944","'The Battle for Paris lasted six days until the Germans surrendered the city they had controlled for four years. Adolf Hitler was outraged. Fighting still continued in other parts of France.'","","",""
"596400b143fbce217a9bc5ba#18","World War II","Battle of the Bulge","December 16, 1944","'German forces surprised their opponents by launching a surprise attack in Belgium, France, and Luxembourg. This was the last major attack from the Germans during World War II, and both sides suffered many casualties.'","","",""
"596400b143fbce217a9bc5ba#19","World War II","U.S. invades Iwo Jima","February 19, 1945","'The Battle of Iwo Jima was a major battle in which the United States fighters landed on and eventually captured the island of Iwo Jima from the Japanese Army. The fighting lasted five weeks, and after US troops captured the island they used it as emergency landing for their bombers.'","","",""
"596400b143fbce217a9bc5ba#20","World War II","Adolf Hitler commits suicide","April 30, 1945","'Knowing that Germany is going to lose the war, Hitler kills himself in a bunker below his headquarters in Berlin. He appoints Admiral Karl Donitz to be the new head of state.'","","",""
"596400b143fbce217a9bc5ba#21","World War II","Germany surrenders to the Allies","May 7, 1945","'General Alfred Jodl, the German High Command, met representatives from The United States, France, Russia, Britain and other countries in Reims, France. There he signed a documenting agreeing to the complete  of German forces everywhere.'","","",""
"596400b143fbce217a9bc5ba#22","World War II","Atomic bomb dropped in Hiroshima, Japan","August 6, 1945","'With the permission of the United Kingdom, United States President Harry Truman ordered the Japanese city of Hiroshima to be bombed. The death toll was at least 150,000. This was the first use of nuclear weapons in warfare.'","","",""
"596400b143fbce217a9bc5ba#23","World War II","Atomic bomb dropped in Nagasaki, Japan","August 9, 1945","'The United States drops another atomic bomb on the Japanese city of Nagasaki, this time killing around 75,000 people. The bomb used was even more powerful than the one in Hiroshima.'","","",""
"596400b143fbce217a9bc5ba#24","World War II","Japan surrenders to the Allies","September 2, 1945","'After many countries, including the United States, asked Japan to surrender completely in July 1945, Japanese leaders insisted that they would keep fighting. Only after the United States devastated Japan with two atomic bombs did Japan decide to surrender.'","","",""
"5964012f43fbce217a9bc5bb#0","Nepalese Holidays","Maghe Sankranti","Mid January","'Nepali name: माघे सङ्क्रान्ति<br>Holiday Type: Religious<br>Description: The first day of the month of Magh.'","","",""
"5964012f43fbce217a9bc5bb#1","Nepalese Holidays","Sonam Losar","January-February","'Nepali name: सोनाम ल्होसार<br>Holiday Type: Religious<br>Description: New Year celebration by the Tamang community.'","","",""
"5964012f43fbce217a9bc5bb#2","Nepalese Holidays","Shahid Diwas","Late January-Early February","'Nepali name: शहीद दिन<br>Holiday Type: Non-Religious<br>Description: The day of martyrs in Nepal remembering the first four Martyrs of Nepal.'","","",""
"5964012f43fbce217a9bc5bb#3","Nepalese Holidays","Saraswati Puja (Shree Panchami)","February-March","'Nepali name: सरस्वतीपुजा<br>Holiday Type: Religious<br>Description: Schools celebrate this day by worshiping Goddess Saraswati, Hindu Goddess of knowledge, music, arts and nature.'","","",""
"5964012f43fbce217a9bc5bb#4","Nepalese Holidays","Prajatantra Diwas","Mid February","'Nepali name: प्रजातन्त्र दिवस<br>Holiday Type: Non-Religious<br>Description: Democracy day of Nepal.'","","",""
"5964012f43fbce217a9bc5bb#5","Nepalese Holidays","Maha Shivaratri","February-March","'Nepali name: महा शिवरात्री<br>Holiday Type: Religious<br>Description: Celebrated in reverence of Lord Shiva.'","","",""
"5964012f43fbce217a9bc5bb#6","Nepalese Holidays","Gyalpo Lhosar","February-March","'Nepali name: ग्याल्पो ल्होसार<br>Holiday Type: Religious<br>Description:New Year of Tibetan Community.'","","",""
"5964012f43fbce217a9bc5bb#7","Nepalese Holidays","Nari Diwas","March 8","'Nepali name: नारीदिवस<br>Holiday Type: Non-Religious<br>Description: International Women`s day is celebrated on this day in Nepal.'","","",""
"5964012f43fbce217a9bc5bb#8","Nepalese Holidays","Fagun Purnima","March","'Nepali name: फागुपुर्णिमा<br>Holiday Type: Religious<br>Description: Also known as holi, the festival of colors. In Terai region of Nepal, this festival is celebrated on the next day.'","","",""
"5964012f43fbce217a9bc5bb#9","Nepalese Holidays","Ghode Jatra","March-April","'Nepali name: घोडेजात्र<br>Holiday Type: Religious<br>Description: Observed primarily in Kathmandu valley with horse parades in Tundikhel.'","","",""
"5964012f43fbce217a9bc5bb#10","Nepalese Holidays","Ram Nawami","March-April","'Nepali name: रामनवमी<br>Holiday Type: Religious<br>Description: Birthday of Lord Rama.'","","",""
"5964012f43fbce217a9bc5bb#11","Nepalese Holidays","Naya Barsa","Mid April","'Nepali name: नयावर्ष<br>Holiday Type: Non-Religious<br>Description: Nepalese New Year or the first day of Bikram Sambat calendar.'","","",""
"5964012f43fbce217a9bc5bb#12","Nepalese Holidays","Ubdhauli","April-May","'Nepali name: उधौली उभौली<br>Holiday Type: Religious<br>Description: Celebrated in two parts to mark the start of birds migrating North (Ubdhauli) and returning South (Udhauli). Primarily celebrated by the Kirats'","","",""
"5964012f43fbce217a9bc5bb#13","Nepalese Holidays","Majdur Diwas","May 1","'Nepali name: मजदुरदिवस<br>Holiday Type: Non-Religious<br>Description: International labor day.'","","",""
"5964012f43fbce217a9bc5bb#14","Nepalese Holidays","Buddha Jayanti","April-May","'Nepali name: बुद्धजयन्ति<br>Holiday Type: Religious<br>Description: Birth date of Lord Gautam Buddha.'","","",""
"5964012f43fbce217a9bc5bb#15","Nepalese Holidays","Ganatantra Diwas","Late May","'Nepali name: गनान्तंत्रदिवस<br>Holiday Type: Non-Religious<br>Description: Republic day in Nepal.'","","",""
"5964012f43fbce217a9bc5bb#16","Nepalese Holidays","Ramadan","April-May","'Nepali name: रमजान<br>Holiday Type: Religious<br>Description: Sacred festival of Muslim brotherhood.'","","",""
"5964012f43fbce217a9bc5bb#17","Nepalese Holidays","Janai Purnima and Raksha Bandhan","August","'Nepali name: जनै पुर्णिमा र रक्षा बन्धन<br>Holiday Type: Religious<br>Description: Sacred thread festival, Janai Purnima marks the renewal of the sacred thread by Brahmins. Raksha Bandhan celebrates the holi bond between brothers and sisters.'","","",""
"5964012f43fbce217a9bc5bb#18","Nepalese Holidays","Gai Jatra","August-September","'Nepali name: गाई जात्रा<br>Holiday Type: Religious<br>Description: Celebrated only in Kathmandu, this festival worships cows. Also a day when commemoration of the dead takes place.'","","",""
"5964012f43fbce217a9bc5bb#19","Nepalese Holidays","Krishna Janmashtami","August-September","'Nepali name: कृष्ण जन्माष्टमी<br>Holiday Type: Religious<br>Description: Celebrates the birth of Lord Krishna'","","",""
"5964012f43fbce217a9bc5bb#20","Nepalese Holidays","Gaura Parwa","August-September","'Nepali name: गौरापर्व<br>Holiday Type: Religious<br>Description: Celebrated mostly in far western Nepal, this festival is observed in other parts as well.'","","",""
"5964012f43fbce217a9bc5bb#21","Nepalese Holidays","Baqri Id","August-September","'Holiday Type: Religious<br>Description: Celebrated by Muslims as Feast of Sacrifice'","","",""
"5964012f43fbce217a9bc5bb#22","Nepalese Holidays","Teej","August-September","'Nepali name: तीज<br>Holiday Type: Religious<br>Description: Celebrated by mostly women for the wellness of their husband.'","","",""
"5964012f43fbce217a9bc5bb#23","Nepalese Holidays","Indra Jatra","August-September","'Nepali name: ईन्द्र जात्रा<br>Holiday Type: Religious<br>Description: Celebrated only in Kathmandu, commemorates the founding of Kathmandu.'","","",""
"5964012f43fbce217a9bc5bb#24","Nepalese Holidays","Rishi Panchami","August-September","'Nepali name: ऋषिपंचमी<br>Holiday Type: Religious<br>Description: Celebrated only by women by fasting to show gratitude to the ancient preachers.'","","",""
"5964012f43fbce217a9bc5bb#25","Nepalese Holidays","Sambidhaan Diwas","Mid September","'Nepali name: संबिधानदिवस<br>Holiday Type: Non - Religious<br>Description: Constitution Day in Nepal.'","","",""
"5964012f43fbce217a9bc5bb#26","Nepalese Holidays","Ghatasthapana","September-October","'Nepali name: घटस्थापना<br>Holiday Type: Religious<br>Description: The beginning of Dashain.'","","",""
"5964012f43fbce217a9bc5bb#27","Nepalese Holidays","Fulpati","September-October","'Nepali name: फूलपाती<br>Holiday Type: Religious<br>Description: Seventh day of Dashain when jamara is brought from Gorkha palace to Kathmandu.'","","",""
"5964012f43fbce217a9bc5bb#28","Nepalese Holidays","Maha Ashtami","September-October","'Nepali name: महाअष्टमी<br>Holiday Type: Religious<br>Description: The day to appease Goddess Durga`s manifestation, the blood-thirsty Kali.'","","",""
"5964012f43fbce217a9bc5bb#29","Nepalese Holidays","Maha Navami","September-October","'Nepali name: महनवमी<br>Holiday Type: Religious<br>Description: Maha Navami is the last day of Navaratri.'","","",""
"5964012f43fbce217a9bc5bb#30","Nepalese Holidays","Bijaya Dashami","September-October","'Nepali name: बिजयदशमी<br>Holiday Type: Religious<br>Description: This day is very important day for Nepalese Hindu religion, On Bijaya Dashami mixture of rice, yogurt and vermilion is prepared and is known as Tika. Elders put Tika, Jamara and Kokha on the young ones and give them blessing.'","","",""
"5964012f43fbce217a9bc5bb#31","Nepalese Holidays","Ekadashi","September-October","'Nepali name: एकादशी<br>Holiday Type: Religious<br>Description: Eleventh day of Dashain where the celebration continues.'","","",""
"5964012f43fbce217a9bc5bb#32","Nepalese Holidays","Duwadashi","September-October","'Nepali name: दुवादाशी<br>Holiday Type: Religious<br>Description: The final official consecutive holiday of Dashain celebration.'","","",""
"5964012f43fbce217a9bc5bb#33","Nepalese Holidays","Kojagrat Purnima","September-October","'Nepali name: कोजाग्रतपुर्णिमा<br>Holiday Type: Religious<br>Description: Final full moon day after which Dashain officially ends.'","","",""
"5964012f43fbce217a9bc5bb#34","Nepalese Holidays","Laxmi Puja","October-November","'Nepali name: लक्ष्मीपुञ्ज<br>Holiday Type: Religious<br>Description: In the morning cows are worshipped.Later, usually during the evenings, Laxmi, Goddess of wealth is worshipped.'","","",""
"5964012f43fbce217a9bc5bb#35","Nepalese Holidays","Mha Puja and Govardhan Puja","October-November","'Nepali name: महपुञ्जएंडगोवर्धनपुञ्ज<br>Holiday Type: Religious<br>Description: People worship themselves, oxen and cowdung.'","","",""
"5964012f43fbce217a9bc5bb#36","Nepalese Holidays","Bhai Tika","October-November","'Nepali name: भैतिक<br>Holiday Type: Religious<br>Description: Sisters and brothers wish for the safety and well being of each other. Gifts are exchanged between them.'","","",""
"5964012f43fbce217a9bc5bb#37","Nepalese Holidays","Chhath Parwa","October-November","'Nepali name: छठ<br>Holiday Type: Religious<br>Description: A festival dedicated to Hindu Sun God.'","","",""
"5964012f43fbce217a9bc5bb#38","Nepalese Holidays","Udhauli","December","'Nepali name: उधौली उभौली<br>Holiday Type: Religious<br>Description: Celebrated in two parts to mark the start of birds migrating North (Ubdhauli) and returning South (Udhauli). Primarily celebrated by the Kirats'","","",""
"5964012f43fbce217a9bc5bb#39","Nepalese Holidays","Yomari Punhi and Jhyapu Diwas","November-December","'Nepali name: योमरी  पुन्ही<br>Holiday Type: Religious<br>Description: A festival marking the end of the rice harvest.'","","",""
"5964012f43fbce217a9bc5bb#40","Nepalese Holidays","Christmas Day","December 25","'Nepali name: क्रिसमस<br>Holiday Type: Religious<br>Description: Birthday of Jesus Christ.'","","",""
"5964012f43fbce217a9bc5bb#41","Nepalese Holidays","Tamu Lhosar","Late December","'Nepali name: तमु ल्होसार<br>Holiday Type: Religious<br>Description: New year celebrated by the Gurung Community.'","","",""
"5964018443fbce217a9bc5bc#0","Nepalese Prime Ministers","Damodar Pande","1799-1804","'1st Prime Minister<br>Political Party: Nonpartisan'","","",""
"5964018443fbce217a9bc5bc#1","Nepalese Prime Ministers","None*","1806-1806","'*There was no Prime Minister at this time, but the King was Rana Bahadur Shah<br>Political Party: Nonpartisan'","","",""
"5964018443fbce217a9bc5bc#2","Nepalese Prime Ministers","Bhimsen Thapa","1806-1837","'2nd Prime Minister<br> Political Party: Nonpartisan '","","",""
"5964018443fbce217a9bc5bc#3","Nepalese Prime Ministers","Rana Jang Pande","1837-1837","'3rd Prime Minister<br> Political Party: Nonpartisan '","","",""
"5964018443fbce217a9bc5bc#4","Nepalese Prime Ministers","Ranga Nath Poudyal","1837-1838","'4th Prime Minister<br> Political Party: Nonpartisan '","","",""
"5964018443fbce217a9bc5bc#5","Nepalese Prime Ministers","Chautariya Puskhar Shah","1838-1839","'5th Prime Minister<br> Political Party: Nonpartisan '","","",""
"5964018443fbce217a9bc5bc#6","Nepalese Prime Ministers","Rana Jang Pande","1839-1840","'3rd Prime Minister<br>Political Party: Nonpartisan'","","",""
"5964018443fbce217a9bc5bc#7","Nepalese Prime Ministers","Ranga Nath Poudyal","1840-1840","'4th Prime Minister <br>Political Party: Nonpartisan '","","",""
"5964018443fbce217a9bc5bc#8","Nepalese Prime Ministers","Fateh Jung Shah","1840-1843","'6th Prime Minister <br>Political Party: Nonpartisan '","","",""
"5964018443fbce217a9bc5bc#9","Nepalese Prime Ministers","Mathabar Singh Thapa","1843-1845","'7th Prime Minister <br>Political Party: Nonpartisan '","","",""
"5964018443fbce217a9bc5bc#10","Nepalese Prime Ministers","Fateh Jung Shah","1845-1846","'6th Prime Minister'","","",""
"5964018443fbce217a9bc5bc#11","Nepalese Prime Ministers","Jung Bahadur Rana","1846-1856","'8th Prime Minister <br>Political Party: Nonpartisan '","","",""
"5964018443fbce217a9bc5bc#12","Nepalese Prime Ministers","Bam Bahadur Kunwar","1856-1857","'9th Prime Minister <br>Political Party: Nonpartisan '","","",""
"5964018443fbce217a9bc5bc#13","Nepalese Prime Ministers","None*","1857-1857","'*The Acting Prime Minister was Krishna Bahadur Kunwar Rana <br> Political Party: Nonpartisan'","","",""
"5964018443fbce217a9bc5bc#14","Nepalese Prime Ministers","Jung Bahadur Rana","1857-1877","'8th Prime Minister <br>Political Party: Nonpartisan '","","",""
"5964018443fbce217a9bc5bc#15","Nepalese Prime Ministers","Ranodip Singh Kunwar","1877-1885","'10th Prime Minister <br>Political Party: Nonpartisan '","","",""
"5964018443fbce217a9bc5bc#16","Nepalese Prime Ministers","Bir Shumsher Jang Bahadur Rana","1885-1901","'11th Prime Minister <br>Political Party: Nonpartisan '","","",""
"5964018443fbce217a9bc5bc#17","Nepalese Prime Ministers","Dev Shumsher Jang Bahadur Rana","1901-1929","'12th Prime Minister <br>Political Party: Nonpartisan '","","",""
"5964018443fbce217a9bc5bc#18","Nepalese Prime Ministers","Chandra Shumsher Jang Bahadur Rana","1901-1929","'13th Prime Minister <br>Political Party: Nonpartisan '","","",""
"5964018443fbce217a9bc5bc#19","Nepalese Prime Ministers","Bhim Shumsher Jung Bahadur Rana","1929-1932","'14th Prime Minister <br>Political Party: Nonpartisan '","","",""
"5964018443fbce217a9bc5bc#20","Nepalese Prime Ministers","Juddha Shumsher Jang Bahadur Rana","1932-1945","'15th Prime Minister <br>Political Party: Nonpartisan '","","",""
"5964018443fbce217a9bc5bc#21","Nepalese Prime Ministers","Padma Shumsher Jang Bahadur Rana","1945-1948","'16th Prime Minister <br>Political Party: Nonpartisan '","","",""
"5964018443fbce217a9bc5bc#22","Nepalese Prime Ministers","Mohan Shumsher Jang Bahadur Rana","1948-1951","'17th Prime Minister <br>Political Party: Nonpartisan '","","",""
"5964018443fbce217a9bc5bc#23","Nepalese Prime Ministers","Matrika Prasad Koirala","1951-1952","'18th Prime Minister <br>Political Party: Nepali Congress '","","",""
"5964018443fbce217a9bc5bc#24","Nepalese Prime Ministers","None*","1952-1953","'*There was no Prime Minister at this time, but the King was Tribhuvan Bir Bikram Shah <br> Political Party: Rastriya Praja Party'","","",""
"5964018443fbce217a9bc5bc#25","Nepalese Prime Ministers","Matrika Prasad Koirala","1953-1955","'18th Prime Minister '","","",""
"5964018443fbce217a9bc5bc#26","Nepalese Prime Ministers","None*","1955-1956","'*There was no Prime Minister at this time, but the King was Mahendra Bir Bikram Shah<br>Political Party: Nepal Praja'","","",""
"5964018443fbce217a9bc5bc#27","Nepalese Prime Ministers","Tanka Prasad Acharya","1956-1957","'19th Prime Minister <br>Political Party: Parishad '","","",""
"5964018443fbce217a9bc5bc#28","Nepalese Prime Ministers","Kunwar Inderjit Singh","1957-1958","'20th Prime Minister <br>Political Party: United Democratic Party '","","",""
"5964018443fbce217a9bc5bc#29","Nepalese Prime Ministers","Subarna Shamsher Rana","1958-1959","'21st Prime Minister<br>Political Party: Nepali Congress '","","",""
"5964018443fbce217a9bc5bc#30","Nepalese Prime Ministers","Bishweshwar Prasad Koirala","1959-1960","'22nd Prime Minister <br>Political Party: Nonpartisan '","","",""
"5964018443fbce217a9bc5bc#31","Nepalese Prime Ministers","Tulsi Giri","1960-1963","'23rd Prime Minister <br>Political Party: Nonpartisan '","","",""
"5964018443fbce217a9bc5bc#32","Nepalese Prime Ministers","Surya Bahadur Thapa","1963-1964","'24th Prime Minister <br>Political Party: Nonpartisan '","","",""
"5964018443fbce217a9bc5bc#33","Nepalese Prime Ministers","Tulsi Giri","1964-1965","'23rd Prime Minister <br>Political Party: Nonpartisan '","","",""
"5964018443fbce217a9bc5bc#34","Nepalese Prime Ministers","Surya Bahadur Thapa","1965-1969","'24th Prime Minister <br>Political Party: Nonpartisan '","","",""
"5964018443fbce217a9bc5bc#35","Nepalese Prime Ministers","Kirti Nidhi Bista","1969-1970","'25th Prime Minister <br>Political Party: Nonpartisan '","","",""
"5964018443fbce217a9bc5bc#36","Nepalese Prime Ministers","None*","1970-1971","'*The Acting Prime Minister was Gehendra Bahadur Rajbhandari<br>Party: Nonpartisan'","","",""
"5964018443fbce217a9bc5bc#37","Nepalese Prime Ministers","Kirti Nidhi Bista","1971-1973","'25th Prime Minister <br>Political Party: Nonpartisan '","","",""
"5964018443fbce217a9bc5bc#38","Nepalese Prime Ministers","Nagendra Prasad Rijal","1973-1975","'26th Prime Minister <br>Political Party: Nonpartisan '","","",""
"5964018443fbce217a9bc5bc#39","Nepalese Prime Ministers","Tulsi Giri","1975-1977","'23rd Prime Minister <br>Political Party: Nonpartisan '","","",""
"5964018443fbce217a9bc5bc#40","Nepalese Prime Ministers","Kirti Nidhi Bista","1977-1979","'25th Prime Minister <br>Political Party: Nonpartisan '","","",""
"5964018443fbce217a9bc5bc#41","Nepalese Prime Ministers","Surya Bahadur Thapa","1979-1983","'24th Prime Minister <br>Political Party: Nonpartisan '","","",""
"5964018443fbce217a9bc5bc#42","Nepalese Prime Ministers","Lokendra Bahadur Chand","1983-1986","'27th Prime Minister <br>Political Party: Nonpartisan '","","",""
"5964018443fbce217a9bc5bc#43","Nepalese Prime Ministers","Nagendra Prasad Rijal","1986-1986","'26th Prime Minister <br>Political Party: Nonpartisan '","","",""
"5964018443fbce217a9bc5bc#44","Nepalese Prime Ministers","Marich Man Singh Shrestha","1986-1990","'28th Prime Minister <br>Political Party: Nonpartisan '","","",""
"5964018443fbce217a9bc5bc#45","Nepalese Prime Ministers","Lokendra Bahadur Chand","1990-1990","'27th Prime Minister <br>Political Party: Nonpartisan '","","",""
"5964018443fbce217a9bc5bc#46","Nepalese Prime Ministers","Krishna Prasad Bhattarai","1990-1991","'29th Prime Minister <br>Political Party: Nepali Congress '","","",""
"5964018443fbce217a9bc5bc#47","Nepalese Prime Ministers","Girija Prasad Koirala","1991-1994","'30th Prime Minister <br>Political Party: Nepali Congress '","","",""
"5964018443fbce217a9bc5bc#48","Nepalese Prime Ministers","Man Mohan Adhikari","1994-1995","'31st Prime Minister <br>Political Party: Communist Party of Nepal '","","",""
"5964018443fbce217a9bc5bc#49","Nepalese Prime Ministers","Sher Bahadur Deuba","1995-1997","'32nd Prime Minister <br>Political Party: Nepali Congress '","","",""
"5964018443fbce217a9bc5bc#50","Nepalese Prime Ministers","Lokendra Bahadur Chand","1997-1997","'27th Prime Minister <br>Political Party: Rastriya Prajatantra Party '","","",""
"5964018443fbce217a9bc5bc#51","Nepalese Prime Ministers","Surya Bahadur Thapa","1997-1998","'24th Prime Minister <br>Political Party: Rastriya Prajatantra Party '","","",""
"5964018443fbce217a9bc5bc#52","Nepalese Prime Ministers","Girija Prasad Koirala","1998-1999","'30th Prime Minister <br>Political Party: Nepali Congress '","","",""
"5964018443fbce217a9bc5bc#53","Nepalese Prime Ministers","Krishna Prasad Bhattarai","1999-2000","'29th Prime Minister <br>Political Party: Nepali Congress '","","",""
"5964018443fbce217a9bc5bc#54","Nepalese Prime Ministers","Girija Prasad Koirala","2000-2001","'30th Prime Minister <br>Political Party: Nepali Congress '","","",""
"5964018443fbce217a9bc5bc#55","Nepalese Prime Ministers","Sher Bahadur Deuba","2001-2002","'32nd Prime Minister <br>Political Party: Nepali Congress '","","",""
"5964018443fbce217a9bc5bc#56","Nepalese Prime Ministers","None*","2002-2002","'*There was no Prime Minister at this time, but the King was Gyanendra Bir Bikram Shah '","","",""
"5964018443fbce217a9bc5bc#57","Nepalese Prime Ministers","Lokendra Bahadur Chand","2002-2003","'27th Prime Minister <br>Political Party: Rastriya Prajatantra Party '","","",""
"5964018443fbce217a9bc5bc#58","Nepalese Prime Ministers","Surya Bahadur Thapa","2003-2004","'24th Prime Minister <br>Political Party: Rastriya Prajatantra Party '","","",""
"5964018443fbce217a9bc5bc#59","Nepalese Prime Ministers","Sher Bahadur Deuba","2004-2005","'32nd Prime Minister <br>Political Party: Nepali Congress '","","",""
"5964018443fbce217a9bc5bc#60","Nepalese Prime Ministers","None*","2005-2006","'*There was no Prime Minister at this time, but the King was Gyanendra Bir Bikram Shah '","","",""
"5964018443fbce217a9bc5bc#61","Nepalese Prime Ministers","Girija Prasad Koirala","2006-2008","'30th Prime Minister <br>Political Party: Nepali Congress '","","",""
"5964018443fbce217a9bc5bc#62","Nepalese Prime Ministers","Girija Prasad Koirala","2008-2008","'30th Prime Minister <br>Political Party: Nepali Congress '","","",""
"5964018443fbce217a9bc5bc#63","Nepalese Prime Ministers","Pushpa Kamal Dahal","2008-2009","'33rd Prime Minister <br>Political Party: Unified Communist Party of Nepal '","","",""
"5964018443fbce217a9bc5bc#64","Nepalese Prime Ministers","Madhav Kumar Nepal","2009-2011","'34th Prime Minister <br>Political Party: Communist Party of Nepal '","","",""
"5964018443fbce217a9bc5bc#65","Nepalese Prime Ministers","Jhala Nath Khanal","2011-2011","'35th Prime Minister <br>Political Party: Communist Party of Nepal '","","",""
"5964018443fbce217a9bc5bc#66","Nepalese Prime Ministers","Baburum Bhattarai","2011-2013","'36th Prime Minister <br>Political Party: Unified Communist Party of Nepal '","","",""
"5964018443fbce217a9bc5bc#67","Nepalese Prime Ministers","None*","2013-2014","'*The Acting Prime Minister was Khil Raj Regmi <br>Political Party: Nonpartisan'","","",""
"5964018443fbce217a9bc5bc#68","Nepalese Prime Ministers","Sushil Koirala","2014-2015","'37th Prime Minister <br>Political Party: Nepali Congress '","","",""
"5964018443fbce217a9bc5bc#69","Nepalese Prime Ministers","Khadga Prasad Oli","2015-2016","'38th Prime Minister <br>Political Party: Communist Party of Nepal '","","",""
"5964018443fbce217a9bc5bc#70","Nepalese Prime Ministers","Pushpa Kamal Dahal","2016-2017","'33rd Prime Minister <br>Political Party: Unified Communist Party of Nepal '","","",""
"5964018443fbce217a9bc5bc#71","Nepalese Prime Ministers","Sher Bahadur Deuba","2017-current","'32nd Prime Minister <br>Political Party: Nepali Congress '","","",""
"596415dd43fbce217a9bc5be#0","Nepalese Kings","Prithvi Narayan Shah","1768-1775","'Nepalese Name: बडामहाराजधिराज पृथ्वीनारायण शाह<br>Notes: Son of Nara Bhupal Shah<br>Lifespan: 7 January 1723 - 11 January 1775 (aged 52)'","","",""
"596415dd43fbce217a9bc5be#1","Nepalese Kings","Pratap Singh Shah","1775-1777","'Nepalese Name: प्रतापसिंह शाह<br>Notes: Son of Prithvi Narayan Shah<br>Lifespan: 16 April 1751 – 17 November 1777 (aged 26)'","","",""
"596415dd43fbce217a9bc5be#2","Nepalese Kings","Rana Bahadur Shah","1777-1799","'Nepalese Name: रण बहादुर शाह<br>Notes: Son of Pratap Singh Shah<br>Lifespan: 25 May 1775 – 25 April 1806 (aged 30)'","","",""
"596415dd43fbce217a9bc5be#3","Nepalese Kings","Girvan Yuddha Bikram Shah","1799-1816","'Nepalese Name: गीर्वाणयुद्ध विक्रम शाह<br>Notes: Son of Rana Bahadur Shah<br>Lifespan: 19 October 1797 – 20 November 1816 (aged 19)'","","",""
"596415dd43fbce217a9bc5be#4","Nepalese Kings","Rajendra Bikram Shah","1816-1847","'Nepalese Name: राजेन्द्र बिक्रम शाह<br>Notes: Abdicated; Son of Girvan Yuddha Bikram Shah<br>Lifespan: 3 December 1813 – 10 July 1881 (aged 67)'","","",""
"596415dd43fbce217a9bc5be#5","Nepalese Kings","Surendra Bikram Shah","1847-1881","'Nepalese Name: सुरेन्द्र बिक्रम शाह<br>Notes: Son of Rajendra Bikram Shah<br>Lifespan: 20 October 1829 – 17 May 1881(aged 51)'","","",""
"596415dd43fbce217a9bc5be#6","Nepalese Kings","Prithvi Bir Bikram Shah","1880-1911","'Nepalese Name: पृथ्वी वीर बिक्रम शाह<br>Notes: Grandson of Surendra Bikram Shah<br>Lifespan: 18 August 1875 – 11 December 1911 (aged 36)'","","",""
"596415dd43fbce217a9bc5be#7","Nepalese Kings","Tribhuvan Bir Bikram Shah (1st reign)","1911-1950","'Nepalese Name: त्रिभुवन वीर बिक्रम शाह<br>Notes: Went into exile; Son of Prithvi Bir Bikram Shah<br>Lifespan: 30 June 1906 – 13 March 1955(aged 48)'","","",""
"596415dd43fbce217a9bc5be#8","Nepalese Kings","Gyanendra Bir Bikram Shah (1st reign)","1950-1951","'Nepalese Name: ज्ञानेन्द्र वीर बिक्रम शाह<br>Notes: Stepped down; Grandson of Tribhuvan Bir Bikram Shah<br>Lifespan: 7 July 1947(age 69)'","","",""
"596415dd43fbce217a9bc5be#9","Nepalese Kings","Tribhuvan Bir Bikram Shah (2nd reign)","1951-1955","'Nepalese Name: त्रिभुवन वीर बिक्रम शाह<br>Notes: Son of Prithvi Bir Bikram Shah<br>Lifespan: 30 June 1906 – 13 March 1955 (aged 48)'","","",""
"596415dd43fbce217a9bc5be#10","Nepalese Kings","Mahendra Bir Bikram Shah","1955-1972","'Nepalese Name: महेन्द्र वीर बिक्रम शाह<br>Notes: Son of Tribhuvan Bir Bikram Shah<br>Lifespan: 11 June 1920 – 31 January 1972(aged 51)'","","",""
"596415dd43fbce217a9bc5be#11","Nepalese Kings","Birendra Bir Bikram Shah","1972-2001","'Nepalese Name: वीरेन्द्र वीर बिक्रम शाह<br>Notes: Assasinated; Son of Mahendra Bir Bikram Shah<br>Lifespan: 28 December 1945 – 1 June 2001 (aged 55)'","","",""
"596415dd43fbce217a9bc5be#12","Nepalese Kings","Dipendra Bir Bikram Shah","2001-2001","'Nepalese Name: दीपेन्द्र वीर बिक्रम शाह<br>Notes: Committed suicide; Son of Birendra Bir Bikram Shah<br>Lifespan: 27 June 1971 – 4 June 2001(aged 29)'","","",""
"596415dd43fbce217a9bc5be#13","Nepalese Kings","Gyanendra Bir Bikram Shah (2nd reign)","2001-2008","'Nepalese Name: ज्ञानेन्द्र वीर बिक्रम शाह<br>Notes: Deposed; Son of Mahendra Bir Bikram Shah<br>Lifespan: 7 July 1947(age 69)'","","",""
"59652b8743fbce217a9bc5c0#0","Chinese Dynasties","Xia (Hsia) Dynasty","2100-1600 BCE","'Capitals: Yangcheng, Zhenxun<br>Summary: The Xia Dynasty was the first dynasty in traditional Chinese history. It was established by Yu the Great, who was the first person to successfully stop the flooding of major rivers, which had damaged their land. The existence of the Xia Dynasty remains unproven since there is little written evidence from that time.'","","",""
"59652b8743fbce217a9bc5c0#1","Chinese Dynasties","Shang Dynasty","1600-1050 BCE","'Capitals: near present-day Zhengzhou and Anyang<br>Summary: The Shang Dynasty is the first Chinese dynasty whose existence is supported by archaeological evidence. The stability of China during the Shang Dynasty led to many cultural advances such as industrialized bronze casting, the calendar, religious rituals, and writing.'","","",""
"59652b8743fbce217a9bc5c0#2","Chinese Dynasties","Western Zhou","1046-771 BCE","'Summary:  It began when King Wu of Zhou overthrew the Shang dynasty at the Battle of Muye. The dynasty was successful for about seventy-five years and then slowly lost power.'","","",""
"59652b8743fbce217a9bc5c0#3","Chinese Dynasties","Eastern Zhou","771-256 BCE","'Summary: The Eastern Zhou was characterized by an accelerating collapse of royal authority, although the ritual importance of the king allowed over five more centuries of rule. The Eastern Zhou, however, is also remembered as the golden age of Chinese philosophy. It also included the Spring and Autumn Period (770- 475 BCE), the philosophy and life of Confucius ( 551-479 BCE), and the Warring States Period ( 475-221 BCE)'","","",""
"59652b8743fbce217a9bc5c0#4","Chinese Dynasties","Qin Dynasty","221-206 BCE","'Capital: Chang`an<br>Summary: The Qin Dynasty unified China after the Warring States Period by making the government more centralized and ending feudalism, a system where peasants are loyal to landlords rather than the emperor.'","","",""
"59652b8743fbce217a9bc5c0#5","Chinese Dynasties","Western/Former Han","206 BCE-9 CE","'Capital: Chang`an<br> Summary: During this period, Confucianism becomes the basis of Chinese society.'","","",""
"59652b8743fbce217a9bc5c0#6","Chinese Dynasties","Eastern/Later Han","25-220 CE","'Capital: Luoyang<br>Summary: There were many advancements during the Eastern Han Dynasty, such as the invention of paper, but it eventually fell due to rebellions.'","","",""
"59652b8743fbce217a9bc5c0#7","Chinese Dynasties","Six Dynasties Period","220-589 CE","'Summary: Period of disunity and instability following the fall of the Han; Buddhism introduced to China.'","","",""
"59652b8743fbce217a9bc5c0#8","Chinese Dynasties","Three Kingdoms","220-265 CE","'Summary: The Three Kingdoms period is one of the bloodiest in Chinese history. Technology advanced significantly during this period. Although relatively short, this historical period has been greatly romanticized in the cultures of China, Japan, Korea, and Vietnam.'","","",""
"59652b8743fbce217a9bc5c0#9","Chinese Dynasties","Jin Dynasty","265-420 CE","'Capital: Chang`an<br>Summary: Western Jin reunited China in 280, but fairly shortly thereafter fell into a succession crisis, civil war, and invasion by the ""Five Barbarians."" The rebels and invaders began to establish new self-proclaimed states in the Yellow River valley in 304.'","","",""
"59652b8743fbce217a9bc5c0#10","Chinese Dynasties","Period of the Northern and Southern Dynasties","386-589 CE","'Summary:  An age of civil war and political chaos, it was also a time of flourishing arts and culture, advancement in technology, and the spread of Mahayana Buddhism and Daoism.'","","",""
"59652b8743fbce217a9bc5c0#11","Chinese Dynasties","Sui Dynasty","581-618 CE","'Summary: The Sui unified the Northern and Southern dynasties and reinstalled the rule of ethnic Han Chinese in the entirety of China '","","",""
"59652b8743fbce217a9bc5c0#12","Chinese Dynasties","Tang (T'ang) Dynasty","618-906 CE","'Capitals: Chang`an and Luoyang<br>Summary:  It is generally regarded as a high point in Chinese civilization, and a golden age of cosmopolitan culture. Its territory, acquired through the military campaigns of its early rulers, rivaled that of the Han dynasty, and the Tang capital at Chang`an was the most populous city in the world.'","","",""
"59652b8743fbce217a9bc5c0#13","Chinese Dynasties","Five Dynasties Period","907-960 CE","'Summary: An era of political upheaval in 10th-century Imperial China. Five states quickly succeeded one another in the Central Plain, and more than a dozen concurrent states were established elsewhere, mainly in South China.'","","",""
"59652b8743fbce217a9bc5c0#14","Chinese Dynasties","Song Dynasty","960-1279","'Capital: Bianjing (present-day Kaifeng)<br>Summary:  It was the first government in world history to issue banknotes or true paper money nationally and the first Chinese government to establish a permanent standing navy. This dynasty also saw the first known use of gunpowder, as well as the first discernment of true north using a compass'","","",""
"59652b8743fbce217a9bc5c0#15","Chinese Dynasties","Yuan Dynasty","1279-1368","'Capital: Dadu (present-day Beijing)<br>Summary: The empire or ruling dynasty of China established by Kublai Khan, leader of the Mongols. Although the Mongols had ruled territories including the North China of today for decades, it was not until 1271 that Kublai Khan officially proclaimed the dynasty in the traditional Chinese style.'","","",""
"59652b8743fbce217a9bc5c0#16","Chinese Dynasties","Ming Dynasty","1368-1644","'Capitals: Nanjing and Beijing<br>Summary:  The Ming, described by some as ""one of the greatest eras of orderly government and social stability in human history"",was the last imperial dynasty in China ruled by ethnic Han Chinese.'","","",""
"59652b8743fbce217a9bc5c0#17","Chinese Dynasties","Qing (Ch'ing) Dynasty","1644-1912","'Capital: Beijing<br>Summary: The last imperial dynasty of China, the Qing Dynasty was referred to as the Manchu Dynasty because the rulers were foreigners from Manchuria.'","","",""
"59652b8743fbce217a9bc5c0#18","Chinese Dynasties","Republic of China","1912-1949","'Capitals: Beijing, Wuhan, and Nanjing<br>Summary: The new era of Chinese history was marked by instability, famine, and warfare.'","","",""
"59652b8743fbce217a9bc5c0#19","Chinese Dynasties","People's Republic of China","1949-present","'Capital: Beijing<br>Summary: After a long civil war, the Communist victory led by Chairman Mao Zedong created a country known as the People`s Republic of China. With more than 1.3 billion people, it is the most populated country in the world.'","","",""
"596536f343fbce217a9bc5c2#0","Nepalese Dynasties","Licchavi Dynasty","400-879","'The Licchavi clan, after losing power, went to Kathmandu and attacked and defeated the previous king. Their government was mainly ruled by a ""great king,"" and the nobles influenced both land and military decisions.  Their economy was focused on agriculture.'","","",""
"596536f343fbce217a9bc5c2#1","Nepalese Dynasties","Thakuri Dynasty","880-1201","'Although not much art was created during this time, practical developments, such as the introduction of twenty-five paisa coins, began during the Thakuri title.'","","",""
"596536f343fbce217a9bc5c2#2","Nepalese Dynasties","Malla Dynasty","1201-1769","'During the Malla period, there was fighting and conflict between the three Kingdoms of the Kathmandu Valley over valuable trade routes to Tibet. The trade on these trade routes provided money for these Kingdoms to construct many temples and buildings in the Kathmandu Valley. The Mallas also introduced the festivals or holidays of Indra Jatra and Matsyendranath.'","","",""
"596536f343fbce217a9bc5c2#3","Nepalese Dynasties","Shah Dynasty","1769-2008 ","'The Shah title marks the beginning of modern Nepalese history and is best known for being the time when the many ethnic groups of Nepal were unified under a single government. During the Rana rule from 1846-1951, the Shah kings were only figureheads.'","","",""
"596536f343fbce217a9bc5c2#4","Nepalese Dynasties","Rana Dynasty","1846-1951","'Under Rana rule, the Shah king had no actual power, and the prime minister and other government positions ruled. These positions were based on family ties and the Rana family controlled the government. The Rana were connected to the British government and helped each other out. Rana rule was marked by abuse of power, selfishness for immoral personal gains, economic and religious ill-treatment.'","","",""
"596e958d42e96636c974c7a1#0","Nepalese Modern History","Gurkha ruler conquers Kathmandu","1768","'Gurkha ruler Prithvi Narayan Shah conquers Kathmandu and lays the foundations for a unified kingdom.'","","",""
"596e958d42e96636c974c7a1#1","Nepalese Modern History","Nepalese army loses to China","1792","'Nepalese expansion stopped when their military loses to China in Sino-Nepalese War.'","","",""
"596e958d42e96636c974c7a1#2","Nepalese Modern History","End of Anglo-Nepalese War","1816","'At the end of the Anglo-Nepalese War (1814-1816), a treaty is signed that creates Nepal`s current boundaries.'","","",""
"596e958d42e96636c974c7a1#3","Nepalese Modern History","Ranas take control of Nepal","1846","'Ranas take control of Nepal, and proceed to cut off Nepal from outside world.'","","",""
"596e958d42e96636c974c7a1#4","Nepalese Modern History","Nepal-Britain Treaty of 1923","1923","'Treaty with Britain affirms Nepal`s independence.'","","",""
"596e958d42e96636c974c7a1#5","Nepalese Modern History","End of Rana rule","1951","'Rana rule comes to an end. The monarchy is restored and anti-Rana rebels in Nepalese Congress Party (NCP) form government.'","","",""
"596e958d42e96636c974c7a1#6","Nepalese Modern History","Nepal joins the United Nations","1955","'Nepal joins the United Nations, an international organization that works to improve peace and human rights. Nepal was the 72nd country to join the United Nations.'","","",""
"596e958d42e96636c974c7a1#7","Nepalese Modern History","Multi-party constitution adopted","1959","'Multi-party constitution adopted. The constitution is modeled after Britain and India, and it created a constitutional monarchy with a democratically elected parliament.'","","",""
"596e958d42e96636c974c7a1#8","Nepalese Modern History","King Mahendra takes control","1960","'King Mahendra seizes control and suspends the constitution after NCP wins elections.'","","",""
"596e958d42e96636c974c7a1#9","Nepalese Modern History","New constitution creates ""panchayat""","1962","'New constitution creates a non-party system known as ""panchayat"" where the king exercises complete power.'","","",""
"596e958d42e96636c974c7a1#10","Nepalese Modern History","Nepali Congress Party (NCP) protests","1985","'NCP protests to return to a multi-party system instead of a monarchy.'","","",""
"596e958d42e96636c974c7a1#11","Nepalese Modern History","NCP boycotts elections","1986","'New elections boycotted by NCP because they are demanding political change. Many NCP protestors are arrested.'","","",""
"596e958d42e96636c974c7a1#12","Nepalese Modern History","People's Movement forces democratic constitution","1990","'In response to bloody protests known as the People`s Movement, King Birendra agrees to new democratic constitution.'","","",""
"596e958d42e96636c974c7a1#13","Nepalese Modern History","NCP wins first democratic elections","1991","'Nepali Congress Party wins first democratic elections. Girija Prasad Koirala becomes prime minister.'","","",""
"596e958d42e96636c974c7a1#14","Nepalese Modern History","Communist government elected","1994","'Koirala`s government is defeated by Maoist rebels and a Communist government is elected.'","","",""
"596e958d42e96636c974c7a1#15","Nepalese Modern History","Maoist revolt against monarchy begins","1995","'Communist government is dissolved. The bloody Maoist revolt is started by rebels who want to end the monarchy.'","","",""
"596e958d42e96636c974c7a1#16","Nepalese Modern History","Gyanendra is crowned king","June 2001","'Crown Prince Dipendra kills King Birendra and Queen Aishwarya before shooting himself. The king`s brother, Gyanendra, is crowned king.'","","",""
"596e958d42e96636c974c7a1#17","Nepalese Modern History","State of emergency declared","November 2001","'State of emergency declared after more than 100 people are killed in four days of violent protest.'","","",""
"596e958d42e96636c974c7a1#18","Nepalese Modern History","Parliament is dissolved","May 2002","'Parliament is dissolved and new elections are scheduled.'","","",""
"596e958d42e96636c974c7a1#19","Nepalese Modern History","A ceasefire is declared","January 2003","'The rebels and the government declare a ceasefire in order to reduce violence.'","","",""
"596e958d42e96636c974c7a1#20","Nepalese Modern History","Nepal joins the World Trade Organization","April 2004","'Nepal joins the World Trade Organization (WTO), a global organization that establishes rules about trading across most countries and settles disagreements about trade.'","","",""
"596e958d42e96636c974c7a1#21","Nepalese Modern History","State of emergency declared","February 2005","'King Gyanendra dismisses Parliament and declares a state of emergency.'","","",""
"596e958d42e96636c974c7a1#22","Nepalese Modern History","The state of emergency lifted","April 2005","'King Gyanendra lifts the state of emergency and reinstates parliament.'","","",""
"596e958d42e96636c974c7a1#23","Nepalese Modern History","New program to restore democracy","November 2005","'Maoist rebels and other pro-democracy parties agree on a program to restore democracy.'","","",""
"596e958d42e96636c974c7a1#24","Nepalese Modern History","King Gyanendra agrees to restore parliament","April 2006","'King Gyanendra agrees to reinstate parliament. Maoist rebels call a three-month ceasefire.'","","",""
"596e958d42e96636c974c7a1#25","Nepalese Modern History","Comprehensive Peace Agreement","November 2006","'The government signs a peace deal with the Maoists known as the Comprehensive Peace Agreement, ending the rebellion.'","","",""
"596e958d42e96636c974c7a1#26","Nepalese Modern History","Maoists temporarily join the government","April 2007","'Maoists join the government, ending the Nepalese Civil War. After a peace meeting with leaders from all of Nepal`s major political parties, the Maoists were sworn in as ministers.'","","",""
"596e958d42e96636c974c7a1#27","Nepalese Modern History","Maoists quit the government","September 2007","'Former Maoist rebels quit the government all at once, demanding the end of the monarchy before the upcoming election.'","","",""
"596e958d42e96636c974c7a1#28","Nepalese Modern History","Parliament ends the monarchy","December 2007","'Parliament ends the monarchy as part of peace deal with Maoists, who agree to rejoin government.'","","",""
"596e958d42e96636c974c7a1#29","Nepalese Modern History","Nepal becomes a republic","May 2008","'The newly elected Nepalese Constituent Assembly declares Nepal to be a federal republic with a Prime Minister, rather than the king, as the head of state. This ends 240 years of royal rule in Nepal.'","","",""
"596e958d42e96636c974c7a1#30","Nepalese Modern History","Ram Baran Yadav becomes first president","July 2008","'Ram Baran Yadav becomes Nepal`s first president after winning the 308 out of 601 votes from the Nepalese Constituent Assembly. His vice president is Parmanand Jha.'","","",""
"596e958d42e96636c974c7a1#31","Nepalese Modern History","Parliament passes new constitution ","September 2015","'Parliament passes a constitution that declares that Nepal is secular (non-religious). The constitution also promotes human rights by protecting many forms of discrimination.'","","",""
"59763bb869c92a130a13eca4#0","Mt. Everest","Peak XV established as highest mountain in the world","1852","'The Great Trigonometrical Survey of India establishes that Peak XV (soon to be named Everest) in the Himalayas is the highest mountain in the world.'","","",""
"59763bb869c92a130a13eca4#1","Mt. Everest","Peak XV named Mount Everest","1865","'The highest mountain in the world is named after Sir George Everest, the British Surveyor General from 1830-1843.'","","",""
"59763bb869c92a130a13eca4#2","Mt. Everest","First attempt to climb Mt. Everest is made","1921","'The first attempt to climb Mt. Everest is made by a British team which included George Mallory.'","","",""
"59763bb869c92a130a13eca4#3","Mt. Everest","First recorded deaths on Everest occur","1922","'The first recorded deaths on Everest occur when seven Sherpa porters, part of a British climb, die in an avalanche.'","","",""
"59763bb869c92a130a13eca4#4","Mt. Everest","Climbers disappear on their way to the summit","1924","'English mountain climber George Mallory, 38, and Andrew Irvine, 22, disappear on their way to the summit. They were last seen by a member of the climb, who reported they ""were going strong for the top."" Whether they reached the summit remains a mystery.'","","",""
"59763bb869c92a130a13eca4#5","Mt. Everest","Climbers almost reach South Summit","1952","'Swiss climber Raymond Lambert and famous Sherpa climber Tenzing Norgay almost make it to the South Summit before turning back.'","","",""
"59763bb869c92a130a13eca4#6","Mt. Everest","First ever summit of Everest","1953","'The first summit of Everest is accomplished by Edmund Hillary of New Zealand, for the British Commonwealth, and Tenzing Norgay, a Sherpa from India.'","","",""
"59763bb869c92a130a13eca4#7","Mt. Everest","First American summits Everest","1963","'The first American, James Whittaker, summits Everest.'","","",""
"59763bb869c92a130a13eca4#8","Mt. Everest","First woman summits Everest","1975","'Junko Tabei from Japan becomes the first woman to summit.'","","",""
"59763bb869c92a130a13eca4#9","Mt. Everest","First climbers without extra oxygen summit","1978","'Reinhold Messner (Italy) and Peter Habeler (Austria) become the first people to summit Everest without the help of extra oxygen.'","","",""
"59763bb869c92a130a13eca4#10","Mt. Everest","First solo ascent of Everest","1980","'Reinhold Messner makes the first solo ascent of Everest (also without the help of extra oxygen).'","","",""
"59763bb869c92a130a13eca4#11","Mt. Everest","15 climbers die on Everest","1996","'15 climbers died on Everest, which is the most deaths in a single year.'","","",""
"59763bb869c92a130a13eca4#12","Mt. Everest","142 climbers summit Everest","2000","'142 climbers make it to the summit, which is the most ever in a single year.'","","",""
"59763bb869c92a130a13eca4#13","Mt. Everest","First blind person summits Everest","2001","'American Erik Weihenmayer becomes the first blind person to reach the top of Everest.'","","",""
"59763bb869c92a130a13eca4#14","Mt. Everest","Miura (70) and Kipa (15) become oldest and youngest climbers","2003","'At age 70, Japanese climber Yuichiro Miura becomes the oldest person ever to reach the summit of Everest, and a 15-year-old Sherpa girl, Ming Kipa, becomes the youngest.'","","",""
"59763bb869c92a130a13eca4#15","Mt. Everest","Sherpa sets record for most summits of Everest (16)","2006","'Apa Sherpa climbs Everest for the 16th time, breaking his own record for being the person who has climbed Everest the most. He first summited in 1989.'","","",""
"59763bb869c92a130a13eca4#16","Mt. Everest","Arayama (70) becomes oldest climber","2006","'Takao Arayama becomes the oldest Everest climber at 70 years, 7 months, and 13 days.'","","",""
"59763bb869c92a130a13eca4#17","Mt. Everest","Yanagisawa (71) becomes oldest climber","2007","'Katsusuke Yanagisawa, 71, becomes the oldest person to climb Everest.'","","",""
"59763bb869c92a130a13eca4#18","Mt. Everest","Sherpa sets new record for most summits (18)","2008","'On May 22, Apa, an experienced Sherpa guide, climbed to the top of Mount Everest for the 18th time at age 47, beating his own record for the most summits of the Everest.'","","",""
"59763bb869c92a130a13eca4#19","Mt. Everest","Sherchan (76) becomes oldest climber","2008","'Nepalese Min Bahadur Sherchan, 76, became the oldest person to summit Everest on May 25.'","","",""
"59763bb869c92a130a13eca4#20","Mt. Everest","Hahn sets record for most summits by a climber (11)","2009","'Dave Hahn from America summited Everest for the 11th time, which is the most for someone who is not a Sherpa.'","","",""
"59763bb869c92a130a13eca4#21","Mt. Everest","Sherpa sets new record for most summits (20)","2010","'Apa Sherpa broke his own world record and reached the summit of Mt. Everest for the 20th time on 22 May 2010.'","","",""
"59763bb869c92a130a13eca4#22","Mt. Everest","Romero (13) becomes youngest climber","2010","'On May 22, Jordan Romero, a 13-year-old from the United States, became the youngest person to summit Everest.'","","",""
"59763bb869c92a130a13eca4#23","Mt. Everest","Sherpa sets new record for most summits (21)","2011","'Apa Sherpa again broke his own world record and reached the summit of Mt. Everest for the 21st time on 11 May 2011.'","","",""
"59763bb869c92a130a13eca4#24","Mt. Everest","Watanabe (73) becomes oldest woman climber","2012","'Tamae Watanabe from Japan, 73, became the oldest woman to reach the summit of Mt. Everest on May 19, 2012.'","","",""
"59763bb869c92a130a13eca4#25","Mt. Everest","Yiuchiro (80) becomes oldest climber","2013","'On May 23, Miura Yiuchiro from Japan became the oldest person to summit Everest at age 80.'","","",""
"59763bb869c92a130a13eca4#26","Mt. Everest","Total number of estimated summits reaches 6,800","2013","'The total number of estimated summits reaches 6,800.'","","",""
"59763bb869c92a130a13eca4#27","Mt. Everest","16 Sherpa guides die in avalanche","2014","'Sixteen Sherpa guides die in an avalanche in April. After this incident, many Sherpas stopped working to protest the response of the Nepalese government to what happened. The government had offered the families of the Sherpas who died $400 dollars, and the protesting Sherpas called this an insult.'","","",""
"59763bb869c92a130a13eca4#28","Mt. Everest","22 people die in avalanche caused by earthquake","2015","'On April 25, 2015, at least 22 people die and many are injured in an avalanche caused by a magnitude-7.8 earthquake in central Nepal. It is the deadliest avalanche ever recorded on Mount Everest and devastates the country, killing 8,500 people across Nepal. For the first time in 41 years, no one summits Everest this year.'","","",""
"59763bb869c92a130a13eca4#29","Mt. Everest","People return to climb Everest","2016","'People return to climbing Everest, and there were around 600 summits.'","","",""

