Ministry of Federal Affairs and Local Development	सङ्घीय मामिला तथा स्थानीय विकास मन्त्रालय	8SS03.03					6	10	both	Social Studies	Community	Government	National	Ministry_of_Federal_Affairs_and_Local_Development.jpg		image																					
Ministry of Finance	अर्थ मन्त्रालय	8SS03.03					6	10	both	Social Studies	Community	Government	National	Ministry_of_Finance.jpg		image																					
Prime Minister's Office	प्रधानमन्त्रीको कार्यालय	8SS03.03					6	10	both	Social Studies	Community	Government	National	Prime_Minister's_Office.jpg		image																					
	न्यायपालिकाको परिचय र गठन प्रक्रिया	8SS03.04					7	10	np	Social Studies	Community	Social Organization	Laws		न्यायपालिकाको_परिचय_र_गठन_प्रक्रिया.jpg	image																					
Supreme Court of Nepal	नेपालको सर्वोच्च अदालत	8SS03.04	8SS01.04				6	10	both	Social Studies	Community	Social Organization	Laws	Supreme_Court_of_Nepal.jpg		image																					
																																					
District Court	जिल्ला अदालत	8SS03.04					7	10	both	Social Studies	Community	Social Organization	Laws	District_Court.jpg		image																					
High Court	उच्च अदालत	8SS03.04					7	10	both	Social Studies	Community	Social Organization	Laws	High_Court.jpg		image																					
																																					
	सकारात्मक भेद	8SS03.05					8	10	np	Social Studies	Community	Everyday Life	Cooperation		सकारात्मक_भेद.jpg	image																					
	समावेशीकरणको परिचय	8SS03.05					8	10	np	Social Studies	Community	Everyday Life	Cooperation		समावेशीकरणको_परिचय.jpg	image																					
																																					
Inclusion	समावेशीकरण	8SS03.05					7	10	both	Social Studies	Community	Everyday Life	Cooperation	Inclusion.jpg		image																					
	सुशासन	8SS03.07					8	10	np	Social Studies	Community	Government			सुशासन.jpg	image																					
Use of Information	सूचनाको प्रयोग	8SS03.07					6	10	both	Social Studies	Issues	Human Rights	Other Human Rights	Use_of_Information.jpg		image																					
	बाल मजदुर	8SS04.01					6	10	np	Social Studies	Issues	Human Rights	Slavery		बाल_मजदुर.mp4	video																					
	दाइजो प्रथा न्युनिकरण	8SS04.01					6	10	np	Social Studies	Issues	Other Issues			दाइजो_प्रथा_न्युनिकरण.mp4	video																					
	8SS04.02 सामाजिक समस्या	8SS04.02					8	8	np	Social Studies	Issues	Other Issues			8SS04.02_सामाजिक_समस्या.json	game																					
Awareness Program	सचेतना कार्यक्रम	8SS04.03					7	10	both	Social Studies	Issues	Solutions		Awareness_Program.jpg		image																					
																																					
Protest	विरोध प्रदर्शन	8SS04.05	7SS04.05				6	10	both	Social Studies	Issues	Conflict		Protest.jpg		image																					
																																					
	गोपाल वंश	8SS05.02					7	8	np	Social Studies	History	Nepal			गोपाल_वंश.pdf	pdf																					
	किराँत जाति	8SS05.02					7	8	np	Social Studies	Beliefs	Religions	Other Religions		किराँत_जाति.pdf	pdf																					
	प्राचीन समय र वर्तमान समयको आर्थिक क्रियाकलापबिच तुलना	8SS05.02					7	9	np	Social Studies	Community	Everyday Life	Other Everyday Life		प्राचीन_समय_र_वर्तमान_समयको_आर्थिक_क्रियाकलापबिच_तुलना.jpg	image																					
	"महिषपाल, गोपाल र किराँत वंशका प्रथम र अन्तिम राजाहरूको नाम"	8SS05.02					7	8	np	Social Studies	History	Nepal	History		महिषपाल_गोपाल_र_किराँत_वंशका_प्रथम_र_अन्तिम_राजाहरूको_नाम.jpg	image																					
	काठमाडौं उपत्यकाको सभ्यता	8SS05.03					7	9	np	Social Studies	History	Nepal	History		काठमाडौं_उपत्यकाको_सभ्यता.jpg	image																					
Martyrs	सहिदहरू	8SS05.04					6	10	both	Social Studies	History	Nepal	Famous Persons	Martyrs.jpg		image																					
Shahid Gate	सहिद गेट	8SS05.04					6	10	both	Social Studies	History	Nepal	History	Shahid_Gate.jpg		image																					
	प्रथम सहिद लखन थापा	8SS05.04					7	9	np	Social Studies	History	Nepal	Famous Persons		प्रथम_सहिद_लखन_थापा.mp4	video																					
Brunelleschi	ब्रुन्लेस्की	8SS05.08					7	10	both	Social Studies	History	People		Brunelleschi.jpg		image																					
Ghiberti	गिवर्टी	8SS05.08					7	10	both	Social Studies	History	People		Ghiberti.jpg		image																					
Erasmus	इरामस	8SS05.08					7	10	both	Social Studies	History	People		Erasmus.jpg		image																					
Spenser	स्पेन्सर	8SS05.08					7	10	both	Social Studies	History	People		Spenser.jpg		image																					
Old Nepali Coins	पुराना नेपाली सिक्काहरू	8SS06.01					6	9	both	Social Studies	History	Nepal	Symbols	Old_Nepali_Coins.jpg		image																					
Old Nepali Note	पुरानो नेपाली नोट	8SS06.01					6	9	both	Social Studies	History	Nepal	Symbols	Old_Nepali_Note.jpg		image																					
Nepal Rastra Bank	नेपाल राष्ट्र बैंक	8SS06.02					6	10	both	Social Studies	Economy	Business	Currency & Money	Nepal_Rastra_Bank.jpg		image																					
	नेपालीहरू वैदेशिक रोजगारीमा जाने कारणहरू	8SS06.05					7	9	np	Social Studies	Issues	Other Issues			नेपालीहरू_वैदेशिक_रोजगारीमा_जाने_कारणहरू.jpg	image																					
	वैदेशिक रोजगारीका अवसर र चुनौतीहरू	8SS06.05					7	9	np	Social Studies	Issues	Other Issues			वैदेशिक_रोजगारीका_अवसर_र_चुनौतीहरू.jpg	image																					
	सुरक्षित वैदेशिक रोजगारीका लागि सुझाव	8SS06.05					7	9	np	Social Studies	Economy	Business	Studies		सुरक्षित_वैदेशिक_रोजगारीका_लागि_सुझाव.jpg	image																					
	पृथ्वीको दैनिक र वार्षिक गतिका प्रभाव	8SS07.01					7	9	np	Science	Astronomy	Solar System	Earth		पृथ्वीको_दैनिक_र_वार्षिक_गतिका_प्रभाव.jpg	image																					
Earth moves around the Sun	पृथ्वी सूर्यको वरिपरि घुम्छ	8SS07.01	7SS07.01				6	10	both	Science	Astronomy	Solar System	Earth	Earth_moves_around_the_Sun.mp4		video																					
	पृथ्वीको अक्षको झुकाव	8SS07.01					7	9	np	Science	Astronomy	Solar System	Earth		पृथ्वीको_अक्षको_झुकाव.jpg	image																					
	पृथ्वीको परिक्रमण	8SS07.01					7	9	np	Science	Astronomy	Solar System	Earth		पृथ्वीको_परिक्रमण.jpg	image																					
	जलवायु परिवर्तनको असर न्यूनीकरणका उपाय	8SS07.03					7	9	np	Science	Earth	Human Impact	Conservation		जलवायु_परिवर्तनको_असर_न्यूनीकरणका_उपाय.jpg	image																					
Mahendra Highway	महेन्द्र राजमार्ग	8SS07.04					6	10	both	Social Studies	Community	Social Organization	Infrastructure	Mahendra_Highway.jpg		image																					
Araniko Highway	अरणिको राजमार्ग	8SS07.04					6	10	both	Social Studies	Community	Social Organization	Infrastructure	Araniko_Highway.jpg		image																					
The 18th SAARC Summit	१८औँ सार्क शिखर सम्मेलन	8SS07.05					6	10	both	Social Studies	Geography	Asia	Nepal	The_18th_SAARC_Summit.jpg		image																					
	8SS08.02 जनगणना २०७८ तथ्याङ्क परीक्षण	8SS08.02					8	8	np	Social Studies	Economy	Other Economy	Population		8SS08.02_जनगणना_२०७८_तथ्याङ्क_परीक्षण.json	game																					
	8SS08.02 जनसङ्ख्या बनोटका विविध आधार	8SS08.02					8	8	np	Social Studies	Economy	Other Economy	Population		8SS08.02_जनसङ्ख्या_बनोटका_विविध_आधार.json	game																					
	8SS08.02 जनसङ्ख्याको बनोटले सामाजिक र आर्थिक जनजीवनमा पार्ने प्रभाव	8SS08.02					8	8	np	Social Studies	Economy	Other Economy	Population		8SS08.02_जनसङ्ख्याको_बनोटले_सामाजिक_र_आर्थिक_जनजीवनमा_पार्ने_प्रभाव.json	game																					
	8SS08.03 भौगोलिक क्षेत्र र प्रदेशअनुसार जनसङ्ख्या वितरण	8SS08.03					8	8	np	Social Studies	Economy	Other Economy	Population		8SS08.03_भौगोलिक_क्षेत्र_र_प्रदेशअनुसार_जनसङ्ख्या_वितरण.json	game																					
	8SS08.03 जनघनत्वको परिचय र अवस्था	8SS08.03					8	8	np	Social Studies	Economy	Other Economy	Population		8SS08.03_जनघनत्वको_परिचय_र_अवस्था.json	game																					
	बसाइँसराइले पारेको प्रभाव	8SS08.04					7	9	np	Social Studies	Community	Other Community			बसाइँसराइले_पारेको_प्रभाव.jpg	image																					
	बसाइँसराइका कारक तत्वहरू	8SS08.04					7	9	np	Social Studies	Community	Other Community			बसाइँसराइका_कारक_तत्वहरू.jpg	image																					
	नेपाली राजदूतावास रहेका देशहरू	8SS09.01					8	9	np	Social Studies	Community	Other Community			नेपाली_राजदूतावास_रहेका_देशहरू.jpg	image																					
	कूटनीतिक नियोगको परिचय	8SS09.01					8	9	np	Social Studies	Community	Other Community			कूटनीतिक_नियोगको_परिचय.jpg	image																					
Birendra with Rajiv Gandhi	राजीव गान्धीसँग विरेन्द्र	8SS09.01					7	9	both	Social Studies	History	Nepal	Famous Persons	Birendra_with_Rajiv_Gandhi.jpg		image																					
Embassy of Nepal	नेपाल दूतावास	8SS09.01					6	10	both	Social Studies	Geography	Asia	Nepal	Embassy_of_Nepal.jpg		image																					
	बिमस्टेकको उ‌द्देश्य	8SS09.02					8	9	np	Social Studies	Geography	Asia			बिमस्टेकको_उ‌द्देश्य.jpg	image																					
	बिमस्टेक र सदस्य राष्ट्र	8SS09.02					8	9	np	Social Studies	Geography	Asia			बिमस्टेक_र_सदस्य_राष्ट्र.jpg	image																					
	बिमस्टेकबाट नेपालले प्राप्त गरेका उपलब्धि	8SS09.02					8	9	np	Social Studies	Geography	Asia			बिमस्टेकबाट_नेपालले_प्राप्त_गरेका_उपलब्धि.jpg	image																					
	साइबर अपराधअन्तर्गत पर्ने क्रियाकलाप	8SS09.04					7	9	np	Social Studies	Issues	Other Issues			साइबर_अपराधअन्तर्गत_पर्ने_क्रियाकलाप.jpg	image																					
	साइबर अपराधको उजुरी दिने प्रक्रिया	8SS09.04					7	9	np	Social Studies	Issues	Other Issues			साइबर_अपराधको_उजुरी_दिने_प्रक्रिया.jpg	image																					
	साइबर अपराध विरुद्ध सचेत रहने उपाय	8SS09.04					7	9	np	Social Studies	Issues	Other Issues			साइबर_अपराध_विरुद्ध_सचेत_रहने_उपाय.jpg	image																					
	साइबर अपराधका कानुनी व्यवस्था	8SS09.04					7	9	np	Social Studies	Issues	Other Issues			साइबर_अपराधका_कानुनी_व्यवस्था.jpg	image																					
	8SS09.04 नेपालमा साइबर अपराध नियन्त्रण	8SS09.04					8	8	np	Social Studies	Issues	Other Issues			8SS09.04_नेपालमा_साइबर_अपराध_नियन्त्रण.json	game																					
World Cup 2022 Winner	विश्वकप २०२२ फाइनल विजेता	8SS09.05					6	10	both	Social Studies	Community	Sports	Football	World_Cup_2022_Winner.jpg		image																					
World Cup Trophy	विश्वकप ट्रफी	8SS09.05					6	10	both	Social Studies	Community	Sports	Football	World_Cup_Trophy.jpg		image																					
	डेंगुबाट बच्‍ने उपायहरू	8SS09.05					7	9	np	Science	Medicine	Disease & Injury	Other Disease		डेंगुबाट_बच्‍ने_उपायहरू.jpg	image																					
	8SS09.05 डेंगु रोगबाट बच्‍ने उपाय	8SS09.05					8	8	np	Science	Medicine	Disease & Injury	Other Disease		8SS09.05_डेंगु_रोगबाट_बच्‍ने_उपाय.json	game																					
	विश्वकप फुटबलको सङ्क्षिप्त इतिहास	8SS09.05					7	9	np	Social Studies	Community	Sports	Football		विश्वकप_फुटबलको_सङ्क्षिप्त_इतिहास.jpg	image																					
	8SS09.05 विश्व कप फुटबल	8SS09.05					8	8	np	Social Studies	Community	Sports	Football		8SS09.05_विश्व_कप_फुटबल.json	game																					
	8SS09.05 कोप–२७ सम्मेलन	8SS09.05					8	8	np	Social Studies	Issues	Solutions			8SS09.05_कोप_२७_सम्मेलन.json	game																					
	7SS01.01 समाज विकासका पक्षहरू	7SS01.01					7	7	np	Social Studies	Community	Other Community			7SS01.01_समाज_विकासका_पक्षहरू.json	game																					
	7SS01.02 सामाजिकीकरण	7SS01.02					7	7	np	Social Studies	Community	Other Community			7SS01.02_सामाजिकीकरण.json	game																					
Makar Sankranti Mela	मकर संक्रान्ति मेला	7SS01.02					5	10	both	Social Studies	Community	Everyday Life	Celebrations	Makar_Sankranti_Mela.jpg		image																					
	7SS01.02 सामाजिकीकरणका संस्था र तिनका भूमिका	7SS01.02					7	7	np	Social Studies	Community	Social Organization	Other Social Organization		7SS01.02_सामाजिकीकरणका_संस्था_र_तिनका_भूमिका.json	game																					
	7SS01.04 यातायात पूर्वाधार र सञ्‍चार पूर्वाधार	7SS01.04					7	7	np	Social Studies	Community	Social Organization	Infrastructure		7SS01.04 _यातायात_पूर्वाधार_र_सञ्‍चार_पूर्वाधार.json	game																					
	7SS01.05 जिल्ला समन्वय समितिका कार्यहरू	7SS01.05					7	7	np	Social Studies	Community	Government	Local		7SS01.05_जिल्ला_समन्वय_समितिका_कार्यहरू.json	game																					
	7SS01.05 जिल्ला समन्वय समितिको गठन प्रक्रिया	7SS01.05					7	7	np	Social Studies	Community	Government	Local		7SS01.05_जिल्ला_समन्वय_समितिको_गठन_प्रक्रिया.json	game																					
	7SS01.05 जिल्ला सभा गठन प्रक्रिया	7SS01.05					7	7	np	Social Studies	Community	Government	Local		7SS01.05_जिल्ला_सभा_गठन_प्रक्रिया.json	game																					
	7SS02.01 इमानदारी	7SS02.01					7	7	np	Social Studies	Community	Everyday Life	Other Everyday Life		7SS02.01_इमानदारी.json	game																					
	7SS02.01 आपसी सद्भाव	7SS02.01					7	7	np	Social Studies	Community	Everyday Life	Cooperation		7SS02.01_आपसी_सद्भाव.json	game																					
	7SS02.02 संस्कारको वर्गीकरण	7SS02.02					7	7	np	Social Studies	Community	Everyday Life	Customs		7SS02.02_संस्कारको_वर्गीकरण.json	game																					
Christian Wedding Ceremony	ख्रीष्टयान विवाह समारोह	7SS02.03					5	10	both	Social Studies	Community	Everyday Life	Customs	Christian_Wedding_Ceremony.jpg		image																					
Religious Folk Song	धार्मिक लोकगीत	7SS02.05					5	10	both	Social Studies	Arts	Music	Other Music	Religious_Folk_Song.jpg		image																					
Women singing Dohori	दोहोरी गाइरहेकी महिलाहरू	7SS02.05					5	10	both	Social Studies	Arts	Music	Performers	Women_singing_Dohori.jpg		image																					
Earrings	झुम्का	7SS02.05					5	10	both	Social Studies	Community	Everyday Life	Other Everyday Life	Earrings.jpg		image																					
Bangles	चुरा	7SS02.05					5	10	both	Social Studies	Community	Everyday Life	Other Everyday Life	Bangles.jpg		image																					
Necklace	हार	7SS02.05					5	10	both	Social Studies	Community	Everyday Life	Other Everyday Life	Necklace.jpg		image																					
Sel Roti	सेल रोटी	7SS02.06					5	10	both	Social Studies	Community	Everyday Life	Food	Sel_Roti.jpg		image																					
Dhido	ढिडो	7SS02.06					5	10	both	Social Studies	Community	Everyday Life	Food	Dhido.jpg		image																					
People holding Nepali Flag	नेपाली झण्डा बोकेका मानिसहरू	7SS02.07					5	10	both	Social Studies	Community	Everyday Life	Other Everyday Life	People_holding_Nepali_Flag.jpg		image																					
Celebrating Topi Diwas	टोपी दिवस मनाउँदै	7SS02.07	7SS03.01				5	10	both	Celebrating_Topi_Diwas.jpg	Community	Everyday Life	Celebrations	Celebrating_Topi_Diwas.jpg		image																					
	नेपाली वर्णमाला	7SS02.07					4	12	np	Language	Nepali	Other Nepali			नेपाली_वर्णमाला.jpg	image																					
Picture of Falgunanda	फाल्गुनन्दको फोटो	7SS02.08					5	10	both	Social Studies	History	People		Picture_of_Falgunanda.jpg		image																					
Shankhadhar Sakhwa	शंखधर साख्वा	7SS02.08					5	10	both	Social Studies	History	People		Shankhadhar_Sakhwa.jpg		image																					
	7SS02.08 योगमाया न्यौपाने	7SS02.08					7	7	np	Social Studies	History	People			7SS02.08_योगमाया_न्यौपाने.json	game																					
	7SS02.08 कवि विद्यापति	7SS02.08					7	7	np	Social Studies	History	People			7SS02.08_कवि_विद्यापति.json	game																					
	7SS02.08 योगी नरहरिनाथ	7SS02.08					7	7	np	Social Studies	History	People			7SS02.08_योगी_नरहरिनाथ.json	game																					
Draw and Color	चित्र बनाएर रङ्ग भर्नु	7SS02.09	5N13				5	10	both	Social Studies	Arts	Visual Arts	Color	Draw_and_Color.jpg		image																					
Population	जनसंख्या	7SS03.01					7	7	both	Social Studies	Economy	Other Economy	Population	Population.jpg		image																					
Representation of the People	जनताको प्रतिनिधित्व	7SS03.02					5	10	both	Social Studies	Community	Social Organization	Leaders	Representation_of_the_People.jpg		image																					
	7SS03.03 संविधानको परिचय	7SS03.03	7SS03.01				7	7	np	Social Studies	Community	Social Organization	Laws		7SS03.03_संविधानको_परिचय.json	game																					
	7SS03.04 मानव अधिकार तथा मौलिक हक	7SS03.04					7	7	np	Social Studies	Issues	Human Rights	Other Human Rights		7SS03.04_मानव_अधिकार_तथा_मौलिक_हक.json	game																					
National Human Rights Commission	राष्ट्रिय मानव अधिकार आयोग	7SS03.04					6	9	both	Social Studies	Issues	Human Rights	Other Human Rights	National_Human_Rights_Commission.jpg		image																					
	7SS03.04 मानव अधिकार संस्था	7SS03.04					7	7	np	Social Studies	Issues	Human Rights	Other Human Rights		7SS03.04_मानव_अधिकार_संस्था.json	game																					
Political Participation and Leadership	राजनीतिक सहभागीता र नेतृत्व	7SS03.05					5	10	both	Social Studies	Community	Social Organization	Leaders	Political_Participation_and_Leadership.jpg		image																					
Employment Opportunities	रोजगार अवसरहरू	7SS03.05					6	9	both	Social Studies	Community	Social Organization	Work	Employment_Opportunities.jpg		image																					
"Police, Peace and Security Management"	"प्रहरी, शान्ति र सुरक्षा व्यवस्थापन"	7SS03.06	7SS04.03				5	10	both	Social Studies	Community	Peace	Other Peace	Police_Peace_and_Security_Management.jpg		image																					
Education Management	शिक्षा व्यवस्थापन	7SS03.06					5	10	both	Social Studies	Community	Education	Other Education	Education_Management.jpg		image																					
Health Management	स्वास्थ्य व्यवस्थापन	7SS03.06					5	10	both	Social Studies	Community	Social Organization	Health Care	Health_Management.jpg		image																					
	7SS03.06 प्रदेश व्यवस्थापिका	7SS03.06					7	7	np	Social Studies	Community	Government	Other Government		7SS03.06_प्रदेश_व्यवस्थापिका.json	game																					
	7SS03.06 प्रदेश कार्यपालिका	7SS03.06					7	7	np	Social Studies	Community	Government	Other Government		7SS03.06_प्रदेश_कार्यपालिका.json	game																					
Nepal Army	नेपाल सेना	7SS03.07					5	10	both	Social Studies	Issues	Solutions		Nepal_Army.jpg		image																					
Armed Police Force of Nepal	नेपालको सशस्त्र प्रहरी बल	7SS03.07					5	10	both	Social Studies	Issues	Solutions		Armed_Police_Force_of_Nepal.jpg		image																					
	7SS04.01 समाजिक भेदभाव गर्न नहुने कारणहरू	7SS04.01					7	7	np	Social Studies	Issues	Other Issues			7SS04.01_सामाजिक_भेदभाव_गर्न_नहुने_कारणहरू.json	game																					
	7SS04.01 सभ्य समाज र यसको निर्माणका बाधाहरू	7SS04.01					7	7	np	Social Studies	Issues	Other Issues			7SS04.01_सभ्य_समाज_र_यसको_निर्माणका_बाधाहरू.json	game																					
	7SS04.05 द्वन्द्व व्यवस्थापन	7SS04.05					7	7	np	Social Studies	Issues	Solutions			7SS04.05_द्वन्द्व_व्यवस्थापन.json	game																					
	7SS04.05 विद्यालय र छरछिमेकमा द्वन्द्वका कारणहरू	7SS04.05					7	7	np	Social Studies	Issues	Other Issues			7SS04.05_विद्यालय_र_छरछिमेकमा_द्वन्द्वका_कारणहरू.json	game																					
	7SS04.06 शान्ति स्थापना	7SS04.06					7	7	np	Social Studies	Issues	Solutions			7SS04.06_शान्ति_स्थापना.json	game																					
	7SS05.03 मध्यकालीन नेपालको राजनीतिक अवस्था	7SS05.03					7	7	np	Social Studies	History	Nepal	Other Nepal		7SS05.03_मध्यकालीन_नेपालको_राजनीतिक_अवस्था.json	game																					
	7SS05.04 एसियाको तारा: गौतम बुद्ध	7SS05.04					7	7	np	Social Studies	Beliefs	Religion	Buddhism		7SS05.04_एसियाको_तारा_गौतम_बुद्ध.json	game																					
	7SS05.05 अरनिकोलाई चिन्‍नुहोस्	7SS05.05					7	7	np	Social Studies	Arts	People			7SS05.05_अरनिकोलाई_चिन्‍नुहोस्.json	game																					
	7SS05.06 दिव्य उपदेश	7SS05.06					7	7	np	Social Studies	Beliefs	Religion	Buddhism		7SS05.06_दिव्य_उपदेश.json	game																					
	7SS05.07 सिँजा राज्यको भौगोलिक अवस्थिति	7SS05.07					7	7	np	Social Studies	History	Nepal	Other Nepal		7SS05.07_सिँजा_राज्यको_भौगोलिक_अवस्थिति.json	game																					
	7SS05.07 सिँजा सभ्यताबाट वर्तमान समाजमा परेको प्रभाव	7SS05.07					7	7	np	Social Studies	History	Nepal	Other Nepal		7SS05.07_सिँजा_सभ्यताबाट_वर्तमान_समाजमा_परेको_प्रभाव.json	game																					
	7SS06.05 नेपाल सरकारको आय र खर्च	7SS06.05					7	7	np	Social Studies	Community	Government	Other Government		7SS06.05_नेपाल_सरकारको_आय_र_खर्च.json	game																					
	7SS06.05 सरकारी आय र स्रोतहरू	7SS06.05					7	7	np	Social Studies	Community	Government	Other Government		7SS06.05_सरकारी_आय_र_स्रोतहरू.json	game																					
	7SS07.02 मुख्य धरातलीय स्वरूपहरू	7SS07.02					7	7	np	Science	Earth	Geology			7SS07.02_मुख्य_धरातलीय_स्वरूपहरू.json	game																					
	7SS07.04 हावापानीले मानव जीवनमा पार्ने प्रभाव	7SS07.04					7	7	np	Social Studies	Geography	Landforms			7SS07.04_हावापानीले_मानव_जीवनमा_पार्ने_प्रभाव.json	game																					
	7SS07.05 उचाइअनुसार तापक्रममा फरक	7SS07.05					7	7	np	Social Studies	Geography	Landforms			7SS07.05_उचाइ_अनुसार_तापक्रममा_फरक.json	game																					
	7SS07.07 नेपालका सात प्रदेश	7SS07.07					7	7	np	Social Studies	Community	Government	Other Government		7SS07.07_नेपालका_सात_प्रदेश.json	game																					
	7SS07.08 जलवायु परिवर्तन	7SS07.08	8SS07.03				7	8	np	Science	Earth	Human Impact	Other Human Impact		7SS07.08_जलवायु_परिवर्तन.json	game																					
	7SS07.09 विपत् व्यवस्थापन: हिउँ पहिरो	7SS07.09					7	7	np	Science	Earth	Human Impact	Other Human Impact		7SS07.09_विपत्_व्यवस्थापन_हिउँ_पहिरो.json	game																					
	7SS07.10 नक्साको अध्ययन	7SS07.10					7	7	np	Social Studies	Geography	Maps			7SS07.10_नक्साको_अध्ययन.json	game																					
	7SS09.02 सार्कमा नेपालको भूमिका	7SS09.02					7	7	np	Social Studies	Geography	Asia	Nepal		7SS09.02_सार्कमा_नेपालको_भूमिका.json	game																					
	7SS09.02 सार्कको कार्य क्षेत्र	7SS09.02					7	7	np	Social Studies	Geography	Asia	Nepal		7SS09.02_सार्कको_कार्य_क्षेत्र.json	game																					
	7SS09.03 अनलाइन सेवा	7SS09.03					7	7	np	Science	IT	Internet			7SS09.03_अनलाइन_सेवा.json	game																					
	7SS09.04 साइबर अपराधबाट जोगिने उपाय	7SS09.04					7	7	np	Social Studies	Issues	Solutions			7SS09.04_साइबर_अपराधबाट_जोगिने_उपाय.json	game																					
	7SS09.04 सामाजिक सञ्जालको दुरुपयोग र त्यसका असरहरू	7SS09.04					7	7	np	Social Studies	Issues	Other Issues			7SS09.04_सामाजिक_सञ्जालको_दुरुपयोग_र_त्यसका_असरहरू.json	game																					
	7SS09.04 साइबर अपराध र यसका प्रकार	7SS09.04					7	7	np	Social Studies	Issues	Other Issues			7SS09.04_साइबर_अपराध_र_यसका_प्रकार.json	game																					
	"7SS09.05 लक्षण, रोकथाम र तथ्यहरू"	7SS09.05					7	7	np	Social Studies	Issues	Solutions			7SS09.05_लक्षण_रोकथाम_र_तथ्यहरू.json	game																					
	7SS09.05 नोबेल शान्ति पुरस्कार २०२०	7SS09.05					7	7	np	Social Studies	Issues	Solutions			7SS09.05_नोबेल_शान्ति_पुरस्कार_२०२०.json	game																					
Addition of Two Digit Numbers		1M16					1	3	en	Mathematics	Arithmetic	Addition & Subtraction		Addition_of_Two_Digit_Numbers.mp4		video																					
Addition Problems		1M10					1	2	en	Mathematics	Arithmetic	Addition & Subtraction		Addition_Problems.mp4		video																					
Introduction to Addition		1M10					1	2	en	Mathematics	Arithmetic	Addition & Subtraction		Introduction_to_Addition.mp4		video																					
Left and Right		1M01					1	2	en	Mathematics	Other Mathematics	Symbols		Left_and_Right.mp4		video																					
Long and Short		1M01					1	3	en	Mathematics	Measurement	Length		Long_and_Short.mp4		video																					
Shapes and Space		1M01					1	3	en	Mathematics	Geometry	Shapes		Shapes_and_Space.mp4		video																					
Single Digit Subtraction		1M08					1	2	en	Mathematics	Arithmetic	Addition & Subtraction		Single_Digit_Subtraction.mp4		video																					
Subtraction of Two Digit Numbers		1M17					1	3	en	Mathematics	Arithmetic	Addition & Subtraction		Subtraction_of_Two_Digit_Numbers.mp4		video																					
Subtraction with Examples		1M08	1M11				1	2	en	Mathematics	Arithmetic	Addition & Subtraction		Subtraction_with_Examples.mp4		video																					
The Number Zero		1M05					1	1	en	Mathematics	Numbers	Integers		The_Number_Zero.mp4		video																					
Two Digit Subtraction Part 1		1M11					1	2	en	Mathematics	Arithmetic	Addition & Subtraction		Two_Digit_Subtraction_Part_1.mp4		video																					
Two Digit Subtraction Part 2		1M11					1	2	en	Mathematics	Arithmetic	Addition & Subtraction		Two_Digit_Subtraction_Part_2.mp4		video																					
Hello Song		2EN00.01					1	2	en	Language	English	Form	Song	Hello_Song.mp4		video																					
The Family Tree		2EN01.01					2	5	en	Social Studies	Community	Everyday Life	Family	The_Family_Tree.mp4		video																					
Fruits Vocabulary		2EN08.01	2EN08.03				2	5	en	Language	English	Grammar	Vocabulary	Fruits_Vocabulary.mp4		video																					
Fruit song for kids		2EN08.01	2EN08.03				2	3	en	Language	English	Form	Song	Fruit_song_for_kids.mp4		video																					
Positions of object		2EN00.02					1	3	en	Language	English	Grammar	Prepositions	Positions_of_object.mp4		video																					
"Head, Shoulders, Knees and Toes Song"		2EN01.05	1EN03.01				1	3	en	Science	Medicine	Human Body	Holistic	Head_Shoulders_Knees_and_Toes_Song.mp4		video																					
Things to Keep Your Body Clean		2EN01.06					2	4	en	Science	Medicine	Healthy Living	Personal Hygiene	Things_to_Keep_Your_Body_Clean.mp4		video																					
Weekend Activities For Kids		2EN02.04					2	4	en	Social Studies	Community	Everyday Life	Recreation	Weekend_Activities_For_Kids.mp4		video																					
Types of clothes		2EN05.03					2	4	en	Social Studies	Community	Everyday Life	Clothing	Types_of_clothes.mp4		video																					
Job song		2EN06.01					2	4	en	Social Studies	Economy	Occupations	Other Occupations	Job_song.mp4		video																					
Months of the year		2EN06.03					2	3	en	Language	English	Contexts	Time & Date	Months_Of_The_Year.mp4		video																					
Vegetable vocabulary		2EN08.02	2EN08.03				1	3	en	Science	Biology	Plants	Vegetable	Vegetable_vocabulary.mp4		video																					
Healthy meal song		2EN08.02					1	3	en	Science	Medicine	Healthy Living	Nutrition	Healthy_meal_song.mp4		video																					
Free time activites		2EN09.02					2	4	en	Social Studies	Community	Everyday Life	Recreation	Free_time_activites.mp4		video																					
Addition upto 10		1M10					1	3	en	Mathematics	Arithmetic	Addition & Subtraction		Addition_upto_10.mp4		video																					
Odd and Even Numbers		1M12					1	3	en	Mathematics	Numbers	Even & Odd		Odd_and_Even_Numbers.mp4		video																					
Measuring Length		1M21					1	3	en	Mathematics	Measurement	Length		Measuring_Length.mp4		video																					
The Zero Song		1M05					1	2	en	Mathematics	Numbers	Digits		The_Zero_Song.mp4		video																					
Ordinal Numbers		1M14					1	2	en	Mathematics	Numbers	Digits		Ordinal_Numbers.mp4		video																					
Straight and Curved Lines		1M02					1	3	en	Mathematics	Geometry	Shapes	Line	Straight_and_Curved_Lines.mp4		video																					
Learn ordinal numbers		1M14					1	2	en	Mathematics	Numbers	Digits		Learn_ordinal_numbers.mp4		video																					
Number names 41 to 50		1M15					1	2	en	Mathematics	Numbers	Digits		Number_names_41_to_50.mp4		video																					
Wild Animal Names		2EN02.05					1	3	en	Science	Biology	Zoology	Other Animals	Wild_Animal_Names.mp4		video																					
Conversation in School		2EN02.06					2	4	en	Language	English	Contexts	Conversation	Conversation_in_School.mp4		video																					
Jobs And Occupations		2EN03.02	3EN01.05				2	5	en	Social Studies	Economy	Occupations	Other Occupations	Jobs_And_Occupations.mp4		video																					
School Objects		2EN03.04					1	4	en	Social Studies	Community	Education		School_Objects.mp4		video																					
The Greeting Song		1EN01.03					1	2	en	Language	English	Contexts	Greeting	The_Greeting_Song.mp4		video																					
Hello and Goodbye		1EN01.03					1	3	en	Language	English	Contexts	Greeting	Hello_and_Goodbye.mp4		video																					
Goodbye to you		1EN01.04					1	1	en	Language	English	Contexts	Greeting	Goodbye_to_you.mp4		video																					
My family members		1EN01.08	1EN01.09	1EN01.10	1EN01.11		1	3	en	Social Studies	Community	Social Organization	Family	My_family_members.mp4		video																					
Family members		1EN01.08	1EN01.09	1EN01.10	1EN01.11		1	1	en	Social Studies	Community	Social Organization	Family	Family_members.mp4		video																					
Measuring lengths		2M06.01					2	5	en	Mathematics	Measurement	Length		Measuring_lengths.mp4		video																					
Multiplication as repeated addition		2M06.03					1	3	en	Mathematics	Arithmetic	Multiplication & Division		Multiplication_as_repeated_addition.mp4		video																					
Learning different colors		2EN05.02					1	3	en	Language	English	Contexts	Colors	Learning_different_colors.mp4		video																					
Colors and objects		2EN05.02					1	3	en	Language	English	Contexts	Colors	Colors_and_objects.mp4		video																					
Nouns singular and plural form		2EN06.02					2	4	en	Language	English	Grammar	Nouns	Nouns_singular_and_plural_form.mp4		video																					
Animal Sounds Song		2EN10.01	1EN01.12	1EN01.13	1EN01.14		1	3	en	Language	English	Form	Song	Animal_Sounds_Song.mp4		video																					
Multiplying 2 digit number by a two digit number		3M05.03					3	4	en	Mathematics	Arithmetic	Multiplication & Division		Multiplying_2_digit_number_by_a_two_digit_number.mp4		video																					
Quotient and Remainder		3M05.04					3	4	en	Mathematics	Arithmetic	Multiplication & Division		Quotient_and_Remainder.mp4		video																					
Relation between Multiplication and Division		3M05.04					3	4	en	Mathematics	Arithmetic	Multiplication & Division		Relation_between_Multiplication_and_Division.mp4		video																					
ABC animal sounds song		1EN01.13	1EN01.12	1EN01.14			1	3	en	Language	English	Form	Song	ABC_animal_sounds_song.mp4		video																					
Where Is My Body		1EN03.01					1	2	en	Language	English	Form	Song	Where_Is_My_Body.mp4		video																					
Five Senses Song		1EN03.02					1	2	en	Language	English	Form	Song	Five_Senses_Song.mp4		video																					
Five Senses Functions		1EN03.02					1	2	en	Language	English	Form	Song	Five_Senses_Functions.mp4		video																					
Ascending and Descending Order		3M03.01					3	4	en	Mathematics	Numbers	Other Numbers		Ascending_and_Descending_Order.mp4		video																					
Roman Numerals from 1 to 20		3M03.02					3	5	en	Mathematics	Numbers	Other Numbers		Roman_Numerals_from_1_to_20.mp4		video																					
	अनुराधा कोइराला	5N05					4	9	np	Social Studies	History	People	Other People		अनुराधा_कोइराला.mp3	audio																					
	5N01 द्रव्यवाचक र भाववाचक नाम	5N01					5	5	np	Language	Nepali	Grammar	Nouns		5N01_द्रव्यवाचक_र_भाववाचक_नाम.json	game																					
	"5N01 नामका प्रकार: व्यक्तिवाचक, जातिवाचक र समूहवाचक"	5N01					5	5	np	Language	Nepali	Grammar	Nouns		"5N01_नामका_प्रकार_व्यक्तिवाचक,_जातिवाचक_र_समूहवाचक.json"	game																					
	5N01 सर्वनाम	5N01					5	5	np	Language	Nepali	Grammar	Pronouns		5N01_सर्वनाम.json	game																					
	5N02 अनुकरणात्मक शब्द	5N02					5	5	np	Language	Nepali	Grammar	Vocabulary		5N02_अनुकरणात्मक_शब्द.json	game																					
	5N02 आपसमा मेलमिलाप र सहयोग	5N02					5	5	np	Language	Nepali	Grammar	Vocabulary		5N02_आपसमा_मेलमिलाप_र_सहयोग.json	game																					
	5N02 विशेषण	5N02					5	5	np	Language	Nepali	Grammar	Adjectives		5N02_विशेषण.json	game																					
	5N02 हाउभाउ कुराकानी	5N02					5	5	np	Language	Nepali	Grammar	Interjections		5N02_हाउभाउ_कुराकानी.json	game																					
	5N03 क्रियापद	5N03					5	5	np	Language	Nepali	Grammar	Verbs		5N03_क्रियापद.json	game																					
	5N03 सञ्चारका साधन	5N03					5	5	np	Language	Nepali	Grammar	Vocabulary		5N03_सञ्चारका_साधन.json	game																					
	5N04 क्रियायोगी	5N04					5	5	np	Language	Nepali	Grammar	Adverbs		5N04_क्रियायोगी.json	game																					
	5N04 नामयोगी	5N04					5	5	np	Language	Nepali	Grammar	Prepositions		5N04_नामयोगी.json	game																					
	5N05 अनुपात	5N05					5	5	np	Language	Nepali	Grammar	Adverbs		5N05_अनुपात.json	game																					
	5N05 श्रुतिसमभिन्नार्थक	5N05					5	5	np	Language	Nepali	Grammar	Homonyms		5N05_श्रुतिसमभिन्नार्थक.json	game																					
	5N05 संयोजक शब्द	5N05					5	5	np	Language	Nepali	Grammar	Conjunction		5N05_संयोजक शब्द.json	game																					
	5N06 समूहवाचक शब्द	5N06					5	5	np	Language	Nepali	Grammar	Nouns		5N06_समूहवाचक_शब्द.json	game																					
	5N09 वर्तमान काल	5N09					5	5	np	Language	Nepali	Grammar	Present		5N09_वर्तमान_काल.json	game																					
	5N10 भूतकाल	5N10					5	5	np	Language	Nepali	Grammar	Past		5N10_भूतकाल.json	game																					
	5N11 भान्जीलाई चिठि	5N11					5	5	np	Language	Nepali	Grammar	Sentence		5N11_भान्जीलाई_चिठि.json	game																					
	5N11 समावेशी शिक्षाका माध्यमहरू	5N11					5	5	np	Language	Nepali	Grammar	Vocabulary		5N11_समावेशी_शिक्षाका_माध्यमहरू.json	game																					
	5N12 पूर्ण र अपूर्ण पक्ष	5N12					5	5	np	Language	Nepali	Grammar	Perfect		5N12_पूर्ण_र_अपूर्ण_पक्ष.json	game																					
	5N12 सङ्खुवासभा र पर्यटन व्यवसाय	5N12					5	5	np	Language	Nepali	Grammar	Vocabulary		5N12_सङ्खुवासभा_र_पर्यटन_व्यवसाय.json	game																					
	5N13 विभक्ति	5N13					5	5	np	Language	Nepali	Grammar	Prepositions		5N13_विभक्ति.json	game																					
	5N14 एकवचन–बहुवचन	5N14					5	5	np	Language	Nepali	Grammar	Singular Plural		5N14_एकवचन–बहुवचन.json	game																					
	5N14 लिङ्ग	5N14	7N11				5	7	np	Language	Nepali	Grammar	Gender		5N14_लिङ्ग.json	game																					
	5N15 समावेशक र समावेश्य शब्द	5N15	7N05				5	7	np	Language	Nepali	Grammar	Vocabulary		5N15_समावेशक_र_समावेश्य_शब्द.json	game																					
Resting Place	pati	5N07					4	9	both	Social Studies	History	Nepal	History	Resting_Place.jpg		image																					
Western Birthday	Western Birthday	5N10					4	9	both	Social Studies	Community	Everyday Life	Celebrations	Western_Birthday.jpg		image																					
Audio cassette	अडियो क्यासेट	5N11					4	9	both	Science	IT	Hardware	Other Hardware	Audio_cassette.jpg		image																					
Online Class	अनलाइन कक्षा	5N03					4	9	both	Social Studies	Community	Education	Other Education	Online_Class.jpg		image																					
Unhealthy food	अस्वास्थ्यकर खाना	5N09					4	9	both	Social Studies	Community	Everyday Life	Food	Unhealthy_food.jpg		image																					
	आगन्तुक शब्द	5N04					4	9	np	Language	Nepali	Grammar	Vocabulary		आगन्तुक_शब्द.jpg	image																					
Indra Jatra	इन्द्र जात्रा	5N10					4	9	both	Social Studies	Beliefs	Religions	Hinduism	Indra_Jatra.jpg		image																					
	ईमेलको नमुना	5N11					4	9	np	Language	Nepali	Textbooks			ईमेलको_नमुना.jpg	image																					
Lotus Pond Kathmandu	कमल पोखरी काठमाडौं	5N12					4	9	both	Social Studies	Geography	Asia	Nepal	Lotus_Pond_Kathmandu.jpg		image																					
Karnal	कर्नाल	5N03					5	9	both	Social Studies	Arts	Musical Instruments	Other Musical Instruments	Karnal.jpg		image																					
	कविता लेखन	5N01					4	9	np	Language	Nepali	Form	Poetry		कविता_लेखन.jpg	image																					
Gangalal Shrestha	गङ्गालाल श्रेष्ठ	5N06					4	9	both	Social Studies	History	Nepal	Famous Persons	Gangalal_Shrestha.jpg		image																					
Gyalpo Lhosar	ग्याल्पो ल्होसार	5N10					4	9	both	Social Studies	Beliefs	Religions	Hinduism	Gyalpo_Lhosar.jpg		image																					
	चन्द्रबिन्दु (ँ)	5N09					4	9	np	Language	Nepali	Grammar	Phonics		चन्द्रबिन्दु_(ँ).jpg	image																					
	चिठी लेखन	5N11					4	9	np	Language	Nepali	Textbooks			चिठी_लेखन.jpg	image																					
Janani Janmabhoomi	जननी जन्मभूमि	5N07	5N01				4	9	both	Social Studies	Geography	Asia	Nepal	Janani_Janmabhoomi.jpg		image																					
	जाँड–रक्सी–चुरोट सेवनका बेफाइदा	5N09					4	9	np	Social Studies	Issues	Other Issues			जाँड_रक्सी_चुरोट_सेवनका_बेफाइदा.jpg	image																					
Behavior of the Tharu community	थारू समुदायको चालचलन	5N01					4	9	both	Social Studies	Beliefs	Religions	Other Religions	Behavior_of_the_Tharu_community.jpg		image																					
Dashain Tika	दशैंको टीका	5N07					4	9	both	Social Studies	Beliefs	Religons	Hinduism	Dashain_Tika.jpg		image																					
Dashrath Chand	दसरथ चन्द	5N06					4	9	both	Social Studies	History	Nepal	Famous Persons	Dashrath_Chand.jpg		image																					
	दैनिक तालिका	5N13					4	9	np	Social Studies	Community	Everyday Life			दैनिक_तालिका.jpg	image																					
Dharmabhakta	धर्मभक्त	5N06					4	9	both	Social Studies	History	Nepal	Famous Persons	Dharmabhakta.jpg		image																					
	निवेदन लेखन नमूना	5N04					4	9	np	Language	Nepali	Textbooks			निवेदन_लेखन_नमूना.jpg	image																					
District Most Languages Spoken in Nepal	नेपालका जिल्लाहरूमा सबैभन्दा बढी बोलिने भाषाहरू	5N01					4	9	both	Social Studies	Geography	Asia	Nepal	District_Most_Languages_Spoken_in_Nepal.jpg		image																					
United Map of nepal	नेपालको संयुक्त नक्सा	5N06					4	9	both	Social Studies	Geography	Asia	Nepal	United_Map_of_nepal.jpg		image																					
Read and Learn	पढाइ र सिकाइ	5N02					4	9	both	Social Studies	Community	Education	Girls	read.jpg		image																					
Five lakes	पाँच पोखरी	5N12					4	9	both	Social Studies	Geography	Asia	Nepal	Five_lakes.jpg		image																					
Pasang Lhamu Sherpa	पासाङ ल्हामु शेर्पा	5N05					4	9	both	Social Studies	History	Nepal	Famous Persons	Pasang_Lhamu_Sherpa.jpg		image																					
Ping	पिङ	5N07					4	9	both	Social Studies	Beliefs	Religons	Hinduism	Ping.jpg		image																					
	पुरुष	5N15					5	7	np	Language	Nepali	Grammar	Pronouns		पुरुष.jpg	image																					
Fax	फ्याक्स	5N11					4	9	both	Science	IT	Hardware	Other Hardware	Fax.jpg		image																					
Bazaar ready meals	बजारिया तयारी खाना	5N09					4	9	both	Social Studies	Community	Everyday Life	Food	Bazaar_ready_meals.jpg		image																					
Traditional customs of marriage	ब्रतबन्धको परम्परागत चलन	5N01					4	9	both	Social Studies	Beliefs	Religions	Hinduism	Traditional_customs_of_marriage.jpg		image																					
Braille	ब्रेल लिपि	5N11					4	9	both	Social Studies	Arts	Literature	Other Literature	Braille.jpg		image																					
Customs Pond Chapagaun	"भन्सार पोखरी, चापागाउँ"	5N12					4	9	both	Social Studies	Geography	Asia	Nepal	Customs_Pond_Chapagaun.jpg		image																					
Mani Rimdu festival	मणि रिम्डु पर्व	5N07					4	9	both	Social Studies	Beliefs	Religons	Buddhism	Mani_Rimdu_Festival.jpg		image																					
Temple	मन्दिर	5N07					4	9	both	Social Studies	Beliefs	Religons	Hinduism	Temple.jpg		image																					
My pond	माई पोखरी	5N12					4	9	both	Social Studies	Geography	Asia	Nepal	My_pond.jpg		image																					
	म्यासेज	5N11					4	9	np	Language	Nepali	Textbooks			म्यासेज.jpg	image																					
Ranipokhari	रानीपोखरी	5N12					4	9	both	Social Studies	Geography	Asia	Nepal	Ranipokhari.jpg		image																					
Current birthday	वर्तमान जन्मोत्सव	5N10					4	9	both	Social Studies	Community	Everyday Life	Celebrations	Current_birthday.jpg		image																					
	वार्तालाप	5N07	5N02				4	9	np	Language	Nepali	Grammar	Sentence		वार्तालाप.jpg	image																					
	विद्युतीय सञ्चार साधनको दुरुपयोग	5N03					5	9	np	Social Studies	Issues	Other Issues			विद्युतीय_सञ्चार_साधनको_दुरुपयोग.jpg	image																					
Different Seasons	विभिन्न ऋतुहरू	5N08					5	8	both	Science	Earth	Climate	Season	Different_Seasons.jpg		image																					
Different Weathers	विभिन्न मौसमहरू	5N08					5	8	both	Science	Earth	Climate	Weather	Different_Weathers.jpg		image																					
	विविध पेशाहरू	5N02					4	9	np	Social Studies	Economy	Occupations	Other Occupations		विविध_पेशाहरू.jpg	image																					
Shahid Gate	शहिद गेट	5N06					4	9	both	Social Studies	History	Nepal	History	Shahid_Gate.jpeg		image																					
	शिरबिन्दु (ं)	5N09					4	9	np	Language	Nepali	Grammar	Phonics		शिरबिन्दु_(ं).jpg	image																					
	शुभ-विवाह	5N04					4	9	np	Social Studies	Community	Everyday Life	Customs		शुभ-विवाह.jpg	image																					
	संक्षिप्त शब्द र पूरा रूप	5N09					4	9	np	Language	Nepali	Grammar	Vocabulary		संक्षिप्त_शब्द_र_पूरा_रूप.jpg	image																					
Parliament House	संसद भवन	5N07					4	9	both	Social Studies	History	Nepal	History	Parliament_House.jpg		image																					
Sign language	साङ्केतिक भाषा	5N11					4	9	both	Social Studies	Arts	Literature	Other Literature	Sign_language.jpg		image																					
	साथीलाई लेखिएको चिठी	5N11					4	9	np	Language	Nepali	Textbooks			साथीलाई_लेखिएको_चिठी.jpg	image																					
Cultural dress	सांस्कृतिक पोशाक	5N07					4	9	both	Social Studies	Beliefs	Religons	Hinduism	Cultural_dress.jpg		image																					
Sukraraj Sastri	सुक्रराज सास्त्री	5N06					4	9	both	Social Studies	History	Nepal	Famous Persons	Sukraraj_Sastri.jpg		image																					
Healthy food	स्वस्थकर खाना	5N09					4	9	both	Social Studies	Community	Everyday Life	Food	Healthy_Food.jpg		image																					
Hindu birthday	हिन्दु जन्मोत्स्व	5N10					4	9	both	Social Studies	Beliefs	Religons	Hinduism	Hindu_birthday.jpg		image																					
	किसानको कथा	5N02					5	9	np	Language	Nepali	Form	Short Story		किसानको_कथा.mp4	video																					
chhath puja	छठ	5N07					4	9	both	Social Studies	Community	Everyday Life	Celebrations	chhath_puja.mp4		video																					
	नाटक	5N05					4	9	np	Social Studies	Arts	Drama	Acting		नाटक.mp4	video																					
Butterflies	पुतलीहरू	5N14					4	9	both	Science	Biology	Insects	Butterflies	Butterflies.mp4		video																					
	मत्स्यपोखरी-संखुवासभा	5N12					4	9	np	Social Studies	Geography	Asia	Nepal		मत्स्यपोखरी-संखुवासभा.mp4	video																					
Understanding Centimeter		3M03.04					3	3	en	Mathematics	Measurement	Length		Understanding_Centimeter.mp4		video																					
Understanding Meter		3M03.04	3M07.03				3	4	en	Mathematics	Measurement	Length		Understanding_Meter.mp4		video																					
My Day		2EN02.02	3EN02.01	1M19			1	2	en	Social Studies	Community	Everyday Life		My_Day.mp4		video																					
Clothes Vocabulary		2EN05.03					2	3	en	Language	English	Grammar	Vocabulary	Clothes_Vocabulary.mp4		video																					
Wild Animals		2EN10.03					2	3	en	Science	Biology	Zoology	Other Animals	Wild_Animals.mp4		video																					
Animal Homes		2EN10.03					2	3	en	Science	Biology	Ecology	Habitat	Animal_Homes.mp4		video																					
Singular and Plural		2EN04.02					2	4	en	Language	English	Grammar	Singular Plural	Singular_and_Plural.mp4		video																					
Weather And Seasons		2EN04.04					1	3	en	Science	Earth	Climate		Weather_And_Seasons.mp4		video																					
Shopping Vocabulary		2EN07.01					2	4	en	Language	English	Grammar	Vocabulary	Shopping_Vocabulary.mp4		video																					
Action Words		2EN09.01					1	3	en	Language	English	Grammar	Verbs	Action_Words.mp4		video																					
Relating Addition and Subtraction		3M05.02					3	5	en	Mathematics	Arthmetic	Addition & Subtraction		Relating_Addition_and_Subtraction.mp4		video																					
Self Introductions For Kids		2EN00.02	2EN01.02				1	3	en	Language	English	Contexts	Introducing	Self_Introductions_For_Kids.mp4		video																					
Happy Family Song		2EN01.01	3EN01.01				2	3	en	Social Studies	Community	Everyday Life	Family	Happy_Family_Song.mp4		video																					
At School		2EN02.02					2	3	en	Language	English	Contexts	Activities	At_School.mp4		video																					
At the Zoo		2EN02.05					2	3	en	Language	English	Contexts	Activities	At_the_Zoo.mp4		video																					
Inside the House		2EN04.01					2	3	en	Science	Technology	Architecture	Buildings	Inside_the_House.mp4		video																					
Telephone Conversation		2EN07.02					2	4	en	Language	English	Contexts	Conversation	Telephone_Conversation.mp4		video																					
Conversion of time		3M01.01					3	5	en	Mathematics	Measurement	Date & Time		Conversion_of_time.mp4		video																					
Learning about Right angle		3M04.02					3	4	en	Mathematics	Geometry	Shapes	Angle	Learning_about_Right_angle.mp4		video																					
Use of has have		3EN02.02					3	5	en	Language	English	Grammar	Verbs	Use_of_has_have.jpg		image																					
	डेंगुबाट बच्‍ने उपायहरू	8SS09.05					7	9	np	Science	Medicine	Disease & Injury	Other Disease		डेंगुबाट_बच्‍ने_उपायहरू.jpg	image																					
	नेपालीहरू वैदेशिक रोजगारीमा जाने कारणहरू	8SS06.05					7	9	np	Social Studies	Issues	Other Issues			नेपालीहरू_वैदेशिक_रोजगारीमा_जाने_कारणहरू.jpg	image																					
	न्यायपालिकाको परिचय र गठन प्रक्रिया	8SS03.04					7	10	np	Social Studies	Community	Social Organization	Laws		न्यायपालिकाको_परिचय_र_गठन_प्रक्रिया.jpg	image																					
	बाल मजदुर	8SS04.01					6	10	np	Social Studies	Issues	Human Rights	Slavery		बाल_मजदुर.mp4	video																					
	वैदेशिक रोजगारीका अवसर र चुनौतीहरू	8SS06.05					7	9	np	Social Studies	Issues	Other Issues			वैदेशिक_रोजगारीका_अवसर_र_चुनौतीहरू.jpg	image																					
	सुरक्षित वैदेशिक रोजगारीका लागि सुझाव	8SS06.05					7	9	np	Social Studies	Economy	Business	Studies		सुरक्षित_वैदेशिक_रोजगारीका_लागि_सुझाव.jpg	image																					
Bhadra 2083		2M02.01					2	2	both	Mathematics	Measurement	Date & Time		Bhadra_2083.jpg		image																					
Basic Multiplication		2M09.01					2	4	en	Mathematics	Arithmetic	Multiplication & Division		Basic_Multiplication.mp4		video																					
Expanded form of number		2M03.01					2	4	en	Mathematics	Numbers	Other Numbers		Expanded_form_of_number.mp4		video																					
Jhonny Jhonny Yes Papa		1EN01.01					1	2	en	Language	English	Form	Song	Jhonny_Jhonny_Yes_Papa.mp4		video																					
Measurement of length		1M21					1	4	en	Mathematics	Measurement	Length		Measurement_of_length.mp4		video																					
Sharing My Emotions		1EN04.03					1	2	en	Language	English	Form	Song	Sharing_My_Emotions.mp4		video																					
At School		2EN03.06					2	3	en	Language	English	Contexts	Activities	At_School.mp4		video																					
Timetable for Zoo Visit		2EN03.06					2	3	en	Language	English	Contexts	Time & Date	Timetable_for_Zoo_Visit.jpg		image																					
Use of and & but		2EN07.02					2	4	en	Language	English	Grammar	Conjunction	Use_of_and_&_but.jpg		image																					
Compound words		3EN04.04					3	4	en	Language	English	Other English		Compound_words.mp4		video																					
Living Room Objects		3EN05.01					3	4	en	Language	English	Contexts	Describing	Living_Room_Objects.mp4		video																					
School Rules		3EN03.05					3	4	en	Social Studies	Community	Social Organization	Schools	School_Rules.mp4		video																					
Song about There is There are		3EN05.01					3	4	en	Language	English	Grammar	Sentence	Song_about_There_is_There_are.mp4		video																					
Fun Facts About Animals		2EN10.01					2	4	en	Language	English	Contexts	Facts and Truths	Fun_Facts_About_Animals.mp4		video																					
Happy Mother's Day		3EN01.04					2	4	en	Social Studies	Community	Everyday Life	Celebrations	Happy_Mothers_Day.mp4		video																					
Verb in ing form		3EN01.04					2	4	en	Language	English	Grammar	Verbs	Verb_in_ing_form.mp4		video																					
What people are doing		2EN04.01	3EN01.04				2	4	en	Language	English	Grammar	Present	What_people_are_doing.mp4		video																					
What we get from animals		2EN10.02					2	5	en	Social Studies	Economy	Agriculture		What_we_get_from_animals.mp4		video																					
cloth store	कपडा पसल						2	8	both	Social Studies	Community	Everyday Life	Clothing	cloth_store.jpg		image																					
food store	खाना पसल						2	8	both	Social Studies	Community	Everyday Life	Food	food_store.jpg		image																					
football children	फुटबल बच्चाहरु						2	8	both	Social Studies	Community	Everyday Life	Games	football_children.jpg		image																					
green grocery	हरियो किराना						2	8	both	Social Studies	Community	Everyday Life	Food	green_grocery.jpg		image																					
hide and seek	लुकामारी						2	8	both	Social Studies	Community	Everyday Life	Games	hide_and_seek.jpg		image																					
jumping game	उफ्रिने खेल						2	8	both	Social Studies	Community	Everyday Life	Games	jumping_game.jpg		image																					
shoes store	जुत्ता पसल						2	8	both	Social Studies	Community	Everyday Life	Clothing	shoes_store.jpg		image																					
skipping children	स्किपिङ बच्चाहरू						2	8	both	Social Studies	Community	Everyday Life	Games	skipping_children.jpg		image																					
stationery	स्टेशनरी						2	8	both	Social Studies	Community	Everyday Life	Recreation	stationery.jpg		image																					
toy store	खेलौना पसल						2	8	both	Social Studies	Community	Everyday Life	Recreation	toy_store.jpg		image																					
volleyball children	भलिबल बच्चाहरु						2	8	both	Social Studies	Community	Everyday Life	Games	volleyball_children.jpg		image																					
	भानुभक्त आचार्य	7SS02.08	5N05				5	9	np	Social Studies	Arts	People			भानुभक्त_आचार्य.mp3	audio		Looma		https://drive.google.com/file/d/1N7J1n0ZwvskTPP_VwGy252DYXyDSGzV0/view?usp=drive_link																	
	उपभोक्ता अधिकारभित्र पर्ने कुराहरू	7SS06.04					7	9	np	Social Studies	Issues	Civil Rights	Other Civil Rights		उपभोक्ता_अधिकारभित्र_पर्ने_कुराहरू.jpg	image		Selfmade		https://www.canva.com/design/DAG_oYEk1UM/uJo-2sokUeQkm31XeDkbwg/edit?utm_content=DAG_oYEk1UM&utm_campaign=designshare&utm_medium=link2&utm_source=sharebutton																	
	उपभोक्ता संरक्षण ऐन २०७५का व्यवस्था	7SS06.04					7	9	np	Social Studies	Issues	Civil Rights	Other Civil Rights		उपभोक्ता_संरक्षण_ऐन_२०७५का_व्यवस्था.jpg	image		Selfmade		https://www.canva.com/design/DAHA7g3wDrk/_6Jpqspk6GfwFR-SKI0DUg/edit?utm_content=DAHA7g3wDrk&utm_campaign=designshare&utm_medium=link2&utm_source=sharebutton																	
	उमेर समूहका आधारमा जनसङ्ख्याको बनोट	7SS08.01					7	8	np	Social Studies	Economy	Other Economy	Population		उमेर_समूहका_आधारमा_जनसङ्ख्याको_बनोट.jpg	image		Selfmade		https://www.canva.com/design/DAG_mBzmVHE/lNi1xOEumTcBuBl3TmBSKQ/edit?utm_content=DAG_mBzmVHE&utm_campaign=designshare&utm_medium=link2&utm_source=sharebutton																	
	काठमाडौं उपत्यका विभाजनअघिको राजनीतिक अवस्था	7SS05.01					7	8	np	Social Studies	History	Nepal	Other Nepal		काठमाडौं_उपत्यका_विभाजनअघिको_राजनीतिक_अवस्था.jpg	image		Selfmade		https://www.canva.com/design/DAG9EVBZgnw/CoOdzDvf-ebTnNUGmtpCFA/edit?utm_content=DAG9EVBZgnw&utm_campaign=designshare&utm_medium=link2&utm_source=sharebutton																	
	काठमाडौंको मध्यकालीन राजनीतिक अवस्था	7SS05.01					7	8	np	Social Studies	History	Nepal	Other Nepal		काठमाडौंको_मध्यकालीन_राजनीतिक_अवस्था.jpg	image		Selfmade		https://www.canva.com/design/DAG9EcHyvmU/ixDx7r4-7CfjfuoyyP59zA/edit?utm_content=DAG9EcHyvmU&utm_campaign=designshare&utm_medium=link2&utm_source=sharebutton																	
	कृषि उद्योग र व्यापारबिचको अन्तरसम्बन्ध	7SS06.03					6	9	np	Social Studies	Economy	Agriculture			कृषि_उद्योग_र_व्यापारबिचको_अन्तरसम्बन्ध.jpg	image		Selfmade		https://www.canva.com/design/DAG_44724n0/TdN5aAHy-Haw_Umzj3NFWg/edit?utm_content=DAG_44724n0&utm_campaign=designshare&utm_medium=link2&utm_source=sharebutton																	
	जनसङ्ख्या व्यवस्थापनका उपायहरू	7SS08.05					7	9	np	Social Studies	Economy	Other Economy	Population		जनसङ्ख्या_व्यवस्थापनका_उपायहरू.jpg	image		Selfmade		https://www.canva.com/design/DAG-Bvpd9QA/1_0nwQTwGzklEz5_s66Y3Q/edit?utm_content=DAG-Bvpd9QA&utm_campaign=designshare&utm_medium=link2&utm_source=sharebutton																	
	तीव्र जनसंख्या वृद्धि हुँदा पर्ने असर	7SS08.05					7	9	np	Social Studies	Economy	Other Economy	Population		तीव्र_जनसंख्या_वृद्धि_हुँदा_पर्ने_असर.jpg	image		Selfmade		https://www.canva.com/design/DAG7pWbQZ4I/VhOptsslLp0DjlkktZE5XQ/edit?utm_content=DAG7pWbQZ4I&utm_campaign=designshare&utm_medium=link2&utm_source=sharebutton																	
	धर्मअनुसार जनसङ्ख्याको बनोट	7SS08.01					7	8	np	Social Studies	Economy	Other Economy	Population		धर्मअनुसार_जनसङ्ख्याको_बनोट.jpg	image		Selfmade		https://www.canva.com/design/DAG_mDvVu9k/vom_DGSpy8w2Nt8n3kUIag/edit?utm_content=DAG_mDvVu9k&utm_campaign=designshare&utm_medium=link2&utm_source=sharebutton																	
	नेपालका ऋतुहरू र विशेषता	7SS07.01					6	9	np	Science	Earth	Climate	Season		नेपालका_ऋतुहरू_र_विशेषता.jpg	image		Selfmade		https://www.canva.com/design/DAG8DWBjKts/D80ExKaXXhnHl_JqJbRcLg/edit?utm_content=DAG8DWBjKts&utm_campaign=designshare&utm_medium=link2&utm_source=sharebutton																	
	परिभ्रमण र परिक्रमण	7SS07.01					6	9	np	Science	Astronomy	Other Astronomy			परिभ्रमण_र_परिक्रमण.jpg	image		Selfmade		https://www.canva.com/design/DAG9KZPyV_8/pLaFO5VtEg8Gp1k8LnSvbQ/edit?utm_content=DAG9KZPyV_8&utm_campaign=designshare&utm_medium=link2&utm_source=sharebutton																	
	पृथ्वीमा ऋतु परिवर्तनका मुख्य दिन	7SS07.01					6	9	np	Science	Earth	Climate	Season		पृथ्वीमा_ऋतु_परिवर्तनका_मुख्य_दिन.jpg	image		Selfmade		https://www.canva.com/design/DAG9KR7kxEo/7e7cQQHLxTNjc-Xh1emePw/edit?utm_content=DAG9KR7kxEo&utm_campaign=designshare&utm_medium=link2&utm_source=sharebutton																	
	बुद्धका उपदेश	7SS05.04					6	9	np	Social Studies	Beliefs	Religion	Buddhism		बुद्धका_उपदेश.jpg	image		Selfmade		https://www.canva.com/design/DAG9FdipsOk/DwXP2GPghEEkiWyXHQGHzw/edit?utm_content=DAG9FdipsOk&utm_campaign=designshare&utm_medium=link2&utm_source=sharebutton%289273542290%29.jpg																	
	बुद्धका चार आर्य सत्य	7SS05.04					6	9	np	Social Studies	Beliefs	Religion	Buddhism		बुद्धका_चार_आर्य_सत्य.jpg	image		Selfmade		https://www.canva.com/design/DAG9EsIuaN0/N1SbFucOzStXfus1YT8Jaw/edit?utm_content=DAG9EsIuaN0&utm_campaign=designshare&utm_medium=link2&utm_source=sharebutton																	
	भू-क्षयका कारणहरू	7SS07.09					6	9	np	Science	Earth	Human Impact	Erosion		भू_क्षयका_कारणहरू.jpg	image		Selfmade		https://www.canva.com/design/DAG-wbeowpw/X_2ky4dB_pb7Z55FXf8SqA/edit?utm_content=DAG-wbeowpw&utm_campaign=designshare&utm_medium=link2&utm_source=sharebutton																	
	मध्यकालीन नेपालको परिचय	7SS05.01					7	8	np	Social Studies	History	Nepal	Other Nepal		मध्यकालीन_नेपालको_परिचय.jpg	image		Selfmade		https://www.canva.com/design/DAG9EN22l8o/ba4fTRYOsJoS2cz-icQO4A/edit?utm_content=DAG9EN22l8o&utm_campaign=designshare&utm_medium=link2&utm_source=sharebutton																	
Ocean	महासागर	7SS07.02					6	9	both	Science	Earth	Oceans & Water		Ocean.jpg		image		Selfmade		https://www.canva.com/design/DAG--E81KGQ/9H82I4uf5kOhVzbd3a8LOw/edit?utm_content=DAG--E81KGQ&utm_campaign=designshare&utm_medium=link2&utm_source=sharebutton																	
	महिला अधिकार	7SS03.05					7	9	np	Social Studies	Issues	Human Rights	Girls & Women		महिला_अधिकार.jpg	image		Selfmade		https://www.canva.com/design/DAG_sNATZHc/-Sn2SM2sICPg7Svetkr61Q/edit?utm_content=DAG_sNATZHc&utm_campaign=designshare&utm_medium=link2&utm_source=sharebutton																	
	महिलाहरूको जीवनस्तर सुधार गर्ने उपाय	7SS08.05					7	9	np	Social Studies	Issues	Human Rights	Girls & Women		महिलाहरूको_जीवनस्तर_सुधार_गर्ने_उपाय.jpg	image		Selfmade		https://www.canva.com/design/DAG-Bi64LEs/yTO27KXXbHFuYWgffuA5IQ/edit?utm_content=DAG-Bi64LEs&utm_campaign=designshare&utm_medium=link2&utm_source=sharebutton																	
	मौलिक हक	7SS03.04					7	9	np	Social Studies	Issues	Human Rights	Other Human Rights		मौलिक_हक.jpg	image		Selfmade		https://www.canva.com/design/DAG7jJmm60A/n9u2IOh5bp04E8pQGGzb3w/edit?utm_content=DAG7jJmm60A&utm_campaign=designshare&utm_medium=link2&utm_source=sharebutton																	
	राज्यको अर्थ	7SS03.01					7	9	np	Social Studies	Geography	Asia	Nepal		राज्यको_अर्थ.jpg	image		Selfmade		https://www.canva.com/design/DAG_r7JNEsw/AXF5AE5bVLXahXJKIjU4kg/edit?utm_content=DAG_r7JNEsw&utm_campaign=designshare&utm_medium=link2&utm_source=sharebutton																	
Roman Empire	रोमन साम्राज्य	7SS01.01					7	8	both	Social Studies	History	Ancient	Rome	Roman_Empire.jpg		image		Wikimedia Commons		https://looma.website/content/W4S2013/images/3092/309276.jpg																	
	लिङ्गअनुसार जनसङ्ख्याको बनोट	7SS08.01					7	8	np	Social Studies	Economy	Other Economy	Population		लिङ्गअनुसार_जनसङ्ख्याको_बनोट.jpg	image		Selfmade		https://www.canva.com/design/DAG_mLs7Tsg/cHAz_Ato4NvQEgCmCwXLxQ/edit?utm_content=DAG_mLs7Tsg&utm_campaign=designshare&utm_medium=link2&utm_source=sharebutton																	
	लैङ्गिक विभेद	7SS04.02					7	9	np	Social Studies	Issues	Other Issues			लैङ्गिक_विभेद.jpg	image		Selfmade		https://www.canva.com/design/DAG9KEYaq_s/wFn8mRJLy-R-gvqDG6IT-A/edit?utm_content=DAG9KEYaq_s&utm_campaign=designshare&utm_medium=link2&utm_source=sharebutton																	
	सरकारी आय र व्यय	7SS06.05					7	9	np	Social Studies	Community	Government	Other Government		सरकारी_आय_र_व्यय.jpg	image		Selfmade		https://www.canva.com/design/DAG8OpGeDYQ/DZNvccP6FktOYkEOtFRKBA/edit?utm_content=DAG8OpGeDYQ&utm_campaign=designshare&utm_medium=link2&utm_source=sharebutton																	
	संविधानका विशेषता	7SS03.03					7	9	np	Social Studies	Community	Social Organization	Laws		संविधानका_विशेषता.jpg	image		Selfmade		https://www.canva.com/design/DAG_0QM7s1E/jk41ROtsYRPTkpx8SB5Q5Q/edit?utm_content=DAG_0QM7s1E&utm_campaign=designshare&utm_medium=link2&utm_source=sharebutton																	
	सामाजिक भेदभाव	7SS04.01					7	9	np	Social Studies	Issues	Other Issues			सामाजिक_भेदभाव.jpg	image		Selfmade		https://www.canva.com/design/DAG6grTCRqU/9chgNuv70PW8xjppMuSfJg/edit?utm_content=DAG6grTCRqU&utm_campaign=designshare&utm_medium=link2&utm_source=sharebutton																	
	सामाजिक संस्कारहरू	7SS02.02					6	9	np	Social Studies	Community	Everyday Life	Customs		सामाजिक_संस्कारहरू.jpg	image		Selfmade		https://www.canva.com/design/DAG89EE6PJs/3xIrzdW2nRU5pmYlYkO7Wg/edit?utm_content=DAG89EE6PJs&utm_campaign=designshare&utm_medium=link2&utm_source=sharebutton																	
	सूचना प्रविधिका फाइदाहरू	7SS09.03					7	9	np	Science	IT	Internet			सूचना_प्रविधिका_फाइदाहरू.jpg	image		Selfmade		https://www.canva.com/design/DAG7ppiVhCg/_z013-ByTSAlfGo4rhrepw/edit?utm_content=DAG7ppiVhCg&utm_campaign=designshare&utm_medium=link2&utm_source=sharebutton																	
	हिउँ पहिरोका कारणहरू	7SS07.09					6	9	np	Science	Earth	Human Impact	Other Human Impact		हिउँ_पहिरोका_कारणहरू.jpg	image		Selfmade		https://www.canva.com/design/DAG-wWGZ29I/AzEKfDlYOASC4IyGl9aywQ/edit?utm_content=DAG-wWGZ29I&utm_campaign=designshare&utm_medium=link2&utm_source=sharebutton																	
	जलवायु परिवर्तनको कथा	7SS07.08	8SS07.03				7	10	np	Science	Earth	Human Impact	Other Human Impact		जलवायु_परिवर्तनको_कथा.mp4	video		IIED	x	https://www.youtube.com/watch?app=desktop&v=zpdExnNQcWg&feature=youtu.be																	
	नेपालका स्थानीय सरकारहरू	7SS06.05					7	10	np	Social Studies	Community	Government	Local		नेपालका_स्थानीय_सरकारहरू.mp4	video		International IDEA	x	https://youtu.be/0mAyoUV5_ok?si=noQ0LHJWN0FnxoQE																	
18th SAARC Summit Photo	१८औं सार्क शिखर सम्मेलनको फोटो	7SS09.02					6	9	both	Social Studies	Geography	Asia	Nepal	18th_SAARC_Summit_Photo.jpg		image		Flickr		https://www.flickr.com/photos/meaindia/15705177927																	
Beijing Baitasi	बेइजिङ बाईतासी	7SS05.05					5	10	both	Social Studies	Community	Everyday Life	Religious Sites	Beijing_Baitasi.jpg		image		Wikimedia Commons		https://upload.wikimedia.org/wikipedia/commons/f/f8/Beijing_Baitasi_%282017%29_C.jpg																	
Bodhisattva	बोधिसत्व	7SS05.05					5	10	both	Social Studies	Beliefs	Religion	Buddhism	Bodhisattva.jpg		image		Wikimedia Commons		https://upload.wikimedia.org/wikipedia/commons/9/98/Wood_Bodhisattva.jpg																	
Health Support	स्वास्थ्य समर्थन	7SS04.04					5	10	both	Social Studies	Community	Social Organization	Health Care	Health_Support.jpg		image		Wikimedia Commons		https://commons.wikimedia.org/wiki/File:Bishnu_Maya_Thapa_is_the_Health_Worker_as_Bishnu_Maya_Sunar_arrives_at_the_temporary_Batulechaur_Health_Post_for_a_blood_pressure_checkup_%2810677193566%29.jpg																	
Human Trafficking	मानव तस्करी	7SS04.02					5	10	both	Social Studies	Issues	Other Issues		Human_Trafficking.jpg		image		Wikimedia Commons		https://upload.wikimedia.org/wikipedia/commons/a/ab/Human_Trafficking.jpg																	
Hydropower	जलविद्युत	7SS06.02					5	10	both	Social Studies	Community	Social Organization	Infrastructure	Hydropower.jpg		image		Wikimedia Commons		https://upload.wikimedia.org/wikipedia/commons/6/66/Kaligandaki_and_aadhi_khola_river.jpg																	
Malla Era Coin	मल्ल युगको सिक्का	7SS05.03					5	10	both	Social Studies	History	Nepal	Symbols	Malla_Era_Coin.jpg		image		Wikimedia Commons		https://upload.wikimedia.org/wikipedia/commons/8/83/Mohar_Nepal_842_MiNIS2300b_1ar3085_%288523538777%29.jpg																	
Migration	बसाइँसराइ	7SS08.03					5	9	both	Social Studies	Community	Everyday Life	Other Everyday Life	Migration.jpg		image		Arab Media & Society		https://www.arabmediasociety.com/wp-content/uploads/2023/08/Sub-saharan-migrant-women.jpeg																	
Olympics 2020 in Tokyo	टोकियो ओलम्पिक्स २०२०	7SS09.05					7	9	both	Social Studies	Community	Everyday Life	Games	Olympics_2020_in_Tokyo.jpg		image		Wikimedia Commons		https://upload.wikimedia.org/wikipedia/commons/b/b8/Tokyo_2020_Olympic_Games_women%27s_shot_put_podium.jpg																	
Olympics Closing Ceremony	ओलम्पिकको समापन समारोह	7SS09.05					7	9	both	Social Studies	Community	Everyday Life	Games	Olympics_Closing_Ceremony.jpg		image		Wikimedia Commons		https://upload.wikimedia.org/wikipedia/commons/0/02/2020_Summer_Olympics_closing_ceremony_%283%29.jpg																	
Pig Farming	सुँगुर पालन	7SS06.03					5	10	both	Social Studies	Economy	Agriculture	Farming	Pig_Farming.jpg		image		Wikimedia Commons		https://upload.wikimedia.org/wikipedia/commons/5/5f/Swine_Farm.jpg																	
Poultry Farming	कुखुरा पालन व्यवसाय	7SS06.03	7SS06.01				5	10	both	Social Studies	Economy	Agriculture	Poultry Production	Poultry_Farming.jpg		image		Wikimedia Commons		https://upload.wikimedia.org/wikipedia/commons/7/72/Poultry_Farm_in_Namakkal%2C_Tamil_Nadu.jpg																	
The Red Planet	रातो ग्रह	7SS09.05					5	9	both	Science	Astronomy	Solar System	Mars	The_Red_Planet.jpg		image		Wikimedia Commons		https://upload.wikimedia.org/wikipedia/commons/5/50/The_Red_Planet_%2850144550853%29.jpg																	
Tokyo Olympics Winners	टोकियो ओलम्पिकका विजेताहरू	7SS09.05					7	9	both	Social Studies	Community	Everyday Life	Games	Tokyo_Olympics_Winners.jpg		image		Wikimedia Commons		https://upload.wikimedia.org/wikipedia/commons/9/90/Men%27s_Greco-Roman_87_kg_medal_ceremony_at_Tokyo_2020.jpg																	
Women from Terai	तराईका महिलाहरू	7SS07.04					5	10	both	Social Studies	Community	Other Community		Women_from_Terai.jpg		image		Wikimedia Commons		https://upload.wikimedia.org/wikipedia/commons/b/bd/N%C3%A9pal_rana_tharu1818a_Crop.jpg																	
	आदर	7N12	7N14				6	9	np	Language	Nepali	Grammar			आदर.json	game		Selfmade	https://drive.google.com/file/d/1tjh2mLjFg_VCxEtNPAXSu-yB-VYUtPhH/view?usp=drive_link	was okey																	
	"पूर्ण भूत, वर्तमान र भविष्यत्"	7N07					5	9	np	Language	Nepali	Grammar	Tenses		पूर्ण_भूत_वर्तमान_र_भविष्यत्.json	game		Selfmade	https://drive.google.com/file/d/1S4ypeSD6sEqDMm8iB1luMK7x-5RVhFun/view?usp=drive_link	changed the file name to nfn																	
	चिन्हहरु	7N03	6N05				4	8	np	Language	Nepali	Grammar	Punctuation		चिन्हहरु.json	game		Selfmade	https://drive.google.com/file/d/1XdhKXpvfKT80L9FPaX3d0BozNPcp8t3o/view?usp=drive_link	was okey																	
	"तत्सम, तद्भव र आगन्तुक शब्द"	7N14					4	8	np	Language	Nepali	Other Nepali			तत्सम_तद्भव_र_आगन्तुक_शब्द.json	game		Selfmade	https://drive.google.com/file/d/1jhLoy2wBcFRYanuJkFudjZ-dYlZ4hZUN/view?usp=drive_link	was okey																	
	धातुको प्रकार	7N02					4	8	np	Language	Nepali	Grammar			धातुको_प्रकार.json	game		Selfmade	https://drive.google.com/file/d/1t6HaXGe11hhkfaOy5e6x2ztg-uqmkJCF/view?usp=drive_link	changed the file name to nfn																	
	नामयोगी र क्रियायोगी	7N14	7N09				6	9	np	Language	Nepali	Grammar			नामयोगी_र_क्रियायोगी.json	game		Selfmade	https://drive.google.com/file/d/13vJlNz-Hma7la4lfvCc3ftQXlAuQTNhZ/view?usp=drive_link	was okey																	
	पदयोग र पदवियोग १	7N15					6	8	np	Language	Nepali	Grammar			पदयोग_र_पदवियोग_१.json	game		Selfmade	https://drive.google.com/file/d/1UdY1mDAUzDzxrsl0r9yk9Xe8ythbaO2o/view?usp=drive_link	changed the file name to nfn																	
	पारिभाषिक/प्राविधिक	7N03	7N10				6	8	np	Language	Nepali	Other Nepali			पारिभाषिक_प्राविधिक.json	game		Selfmade	https://drive.google.com/file/d/1UdSuBm-kw5FIZouWh2QRpEw6qME6WD8A/view?usp=drive_link	changed the file name to nfn																	
Savings	बचत	6N09					4	9	both	Social Studies	Community	Everyday Life	Other Everyday Life		बचत.jpg	image		PEXELS	https://images.pexels.com/photos/6534325/pexels-photo-6534325.jpeg	extension was in jpeg																	
	विभिन्‍न पेसा र व्यवसाय	6N08					4	9	np	Social Studies	Economy	Occupations	Other Occupations		विभिन्‍न_पेसा_र_व्यवसाय.jpg	image		Selfmade	https://drive.google.com/file/d/1plu_v7Dc-pUW2OvktVhPTsR12CK-p4xf/view?usp=drive_link	changed the file name to nfn																	
Business	व्यवसाय	6N09					4	9	both	Social Studies	Economy	Business	Market		व्यवसाय.jpg	image		PEXELS	https://images.pexels.com/photos/11485749/pexels-photo-11485749.jpeg	extension was in jpeg																	
	शिष्टाचार र सम्बोधन शब्द	6N04	6N14				6	8	np	Language	Nepali	Contexts			शिष्टाचार_र सम्बोधन_शब्द.json	game		Selfmade	https://drive.google.com/file/d/1ef5sCy8nPW0v7MFXQNO3P05kB7HNWRTk/view?usp=drive_link	was okey																	
	ह्रस्व इकार	7N01					4	8	np	Language	Nepali	Other Nepali			ह्रस्व_इकार.jpg	image		Selfmade	https://drive.google.com/file/d/1E4YqKoQW4AGM9PqUNmEG_By99JWSDPUW/view?usp=drive_link	changed the file name to nfn																	