	8SS04.02 सामाजिक समस्या	8SS04.02					8	8	np	Social Studies	Issues	Other Issues			8SS04.02_सामाजिक_समस्या.json	game																					
	8SS08.02 जनगणना २०७८ तथ्याङ्क परीक्षण	8SS08.02					8	8	np	Social Studies	Economy	Other Economy	Population		8SS08.02_जनगणना_२०७८_तथ्याङ्क_परीक्षण.json	game																					
	8SS08.02 जनसङ्ख्या बनोटका विविध आधार	8SS08.02					8	8	np	Social Studies	Economy	Other Economy	Population		8SS08.02_जनसङ्ख्या_बनोटका_विविध_आधार.json	game																					
	8SS08.02 जनसङ्ख्याको बनोटले सामाजिक र आर्थिक जनजीवनमा पार्ने प्रभाव	8SS08.02					8	8	np	Social Studies	Economy	Other Economy	Population		8SS08.02_जनसङ्ख्याको_बनोटले_सामाजिक_र_आर्थिक_जनजीवनमा_पार्ने_प्रभाव.json	game																					
	8SS08.03 भौगोलिक क्षेत्र र प्रदेशअनुसार जनसङ्ख्या वितरण	8SS08.03					8	8	np	Social Studies	Economy	Other Economy	Population		8SS08.03_भौगोलिक_क्षेत्र_र_प्रदेशअनुसार_जनसङ्ख्या_वितरण.json	game																					
	8SS08.03 जनघनत्वको परिचय र अवस्था	8SS08.03					8	8	np	Social Studies	Economy	Other Economy	Population		8SS08.03_जनघनत्वको_परिचय_र_अवस्था.json	game																					
	8SS09.04 नेपालमा साइबर अपराध नियन्त्रण	8SS09.04					8	8	np	Social Studies	Issues	Other Issues			8SS09.04_नेपालमा_साइबर_अपराध_नियन्त्रण.json	game																					
	8SS09.05 डेंगु रोगबाट बच्‍ने उपाय	8SS09.05					8	8	np	Science	Medicine	Disease & Injury	Other Disease		8SS09.05_डेंगु_रोगबाट_बच्‍ने_उपाय.json	game																					
	8SS09.05 विश्व कप फुटबल	8SS09.05					8	8	np	Social Studies	Community	Sports	Football		8SS09.05_विश्व_कप_फुटबल.json	game																					
	8SS09.05 कोप–२७ सम्मेलन	8SS09.05					8	8	np	Social Studies	Issues	Solutions			8SS09.05_कोप_२७_सम्मेलन.json	game																					
	7SS01.01 समाज विकासका पक्षहरू	7SS01.01					7	7	np	Social Studies	Community	Other Community			7SS01.01_समाज_विकासका_पक्षहरू.json	game																					
	7SS01.02 सामाजिकीकरण	7SS01.02					7	7	np	Social Studies	Community	Other Community			7SS01.02_सामाजिकीकरण.json	game																					
	7SS01.02 सामाजिकीकरणका संस्था र तिनका भूमिका	7SS01.02					7	7	np	Social Studies	Community	Social Organization	Other Social Organization		7SS01.02_सामाजिकीकरणका_संस्था_र_तिनका_भूमिका.json	game																					
	7SS01.04 यातायात पूर्वाधार र सञ्‍चार पूर्वाधार	7SS01.04					7	7	np	Social Studies	Community	Social Organization	Infrastructure		7SS01.04 _यातायात_पूर्वाधार_र_सञ्‍चार_पूर्वाधार.json	game																					
	7SS01.05 जिल्ला समन्वय समितिका कार्यहरू	7SS01.05					7	7	np	Social Studies	Community	Government	Local		7SS01.05_जिल्ला_समन्वय_समितिका_कार्यहरू.json	game																					
	7SS01.05 जिल्ला समन्वय समितिको गठन प्रक्रिया	7SS01.05					7	7	np	Social Studies	Community	Government	Local		7SS01.05_जिल्ला_समन्वय_समितिको_गठन_प्रक्रिया.json	game																					
	7SS01.05 जिल्ला सभा गठन प्रक्रिया	7SS01.05					7	7	np	Social Studies	Community	Government	Local		7SS01.05_जिल्ला_सभा_गठन_प्रक्रिया.json	game																					
	7SS02.01 इमानदारी	7SS02.01					7	7	np	Social Studies	Community	Everyday Life	Other Everyday Life		7SS02.01_इमानदारी.json	game																					
	7SS02.01 आपसी सद्भाव	7SS02.01					7	7	np	Social Studies	Community	Everyday Life	Cooperation		7SS02.01_आपसी_सद्भाव.json	game																					
	7SS02.02 संस्कारको वर्गीकरण	7SS02.02					7	7	np	Social Studies	Community	Everyday Life	Customs		7SS02.02_संस्कारको_वर्गीकरण.json	game																					
	7SS02.08 योगमाया न्यौपाने	7SS02.08					7	7	np	Social Studies	History	People			7SS02.08_योगमाया_न्यौपाने.json	game																					
	7SS02.08 कवि विद्यापति	7SS02.08					7	7	np	Social Studies	History	People			7SS02.08_कवि_विद्यापति.json	game																					
	7SS02.08 योगी नरहरिनाथ	7SS02.08					7	7	np	Social Studies	History	People			7SS02.08_योगी_नरहरिनाथ.json	game																					
	7SS03.03 संविधानको परिचय	7SS03.03	7SS03.01				7	7	np	Social Studies	Community	Social Organization	Laws		7SS03.03_संविधानको_परिचय.json	game																					
	7SS03.04 मानव अधिकार तथा मौलिक हक	7SS03.04					7	7	np	Social Studies	Issues	Human Rights	Other Human Rights		7SS03.04_मानव_अधिकार_तथा_मौलिक_हक.json	game																					
	7SS03.04 मानव अधिकार संस्था	7SS03.04					7	7	np	Social Studies	Issues	Human Rights	Other Human Rights		7SS03.04_मानव_अधिकार_संस्था.json	game																					
	7SS03.06 प्रदेश व्यवस्थापिका	7SS03.06					7	7	np	Social Studies	Community	Government	Other Government		7SS03.06_प्रदेश_व्यवस्थापिका.json	game																					
	7SS03.06 प्रदेश कार्यपालिका	7SS03.06					7	7	np	Social Studies	Community	Government	Other Government		7SS03.06_प्रदेश_कार्यपालिका.json	game																					
	7SS04.01 समाजिक भेदभाव गर्न नहुने कारणहरू	7SS04.01					7	7	np	Social Studies	Issues	Other Issues			7SS04.01_सामाजिक_भेदभाव_गर्न_नहुने_कारणहरू.json	game																					
	7SS04.01 सभ्य समाज र यसको निर्माणका बाधाहरू	7SS04.01					7	7	np	Social Studies	Issues	Other Issues			7SS04.01_सभ्य_समाज_र_यसको_निर्माणका_बाधाहरू.json	game																					
	7SS04.05 द्वन्द्व व्यवस्थापन	7SS04.05					7	7	np	Social Studies	Issues	Solutions			7SS04.05_द्वन्द्व_व्यवस्थापन.json	game																					
	7SS04.05 विद्यालय र छरछिमेकमा द्वन्द्वका कारणहरू	7SS04.05					7	7	np	Social Studies	Issues	Other Issues			7SS04.05_विद्यालय_र_छरछिमेकमा_द्वन्द्वका_कारणहरू.json	game																					
	7SS04.06 शान्ति स्थापना	7SS04.06					7	7	np	Social Studies	Issues	Solutions			7SS04.06_शान्ति_स्थापना.json	game																					
	7SS05.03 मध्यकालीन नेपालको राजनीतिक अवस्था	7SS05.03					7	7	np	Social Studies	History	Nepal	Other Nepal		7SS05.03_मध्यकालीन_नेपालको_राजनीतिक_अवस्था.json	game																					
	7SS05.04 एसियाको तारा: गौतम बुद्ध	7SS05.04					7	7	np	Social Studies	Beliefs	Religion	Buddhism		7SS05.04_एसियाको_तारा_गौतम_बुद्ध.json	game																					
	7SS05.05 अरनिकोलाई चिन्‍नुहोस्	7SS05.05					7	7	np	Social Studies	Arts	People			7SS05.05_अरनिकोलाई_चिन्‍नुहोस्.json	game																					
	7SS05.06 दिव्य उपदेश	7SS05.06					7	7	np	Social Studies	Beliefs	Religion	Buddhism		7SS05.06_दिव्य_उपदेश.json	game																					
	7SS05.07 सिँजा राज्यको भौगोलिक अवस्थिति	7SS05.07					7	7	np	Social Studies	History	Nepal	Other Nepal		7SS05.07_सिँजा_राज्यको_भौगोलिक_अवस्थिति.json	game																					
	7SS05.07 सिँजा सभ्यताबाट वर्तमान समाजमा परेको प्रभाव	7SS05.07					7	7	np	Social Studies	History	Nepal	Other Nepal		7SS05.07_सिँजा_सभ्यताबाट_वर्तमान_समाजमा_परेको_प्रभाव.json	game																					
	7SS06.05 नेपाल सरकारको आय र खर्च	7SS06.05					7	7	np	Social Studies	Community	Government	Other Government		7SS06.05_नेपाल_सरकारको_आय_र_खर्च.json	game																					
	7SS06.05 सरकारी आय र स्रोतहरू	7SS06.05					7	7	np	Social Studies	Community	Government	Other Government		7SS06.05_सरकारी_आय_र_स्रोतहरू.json	game																					
	7SS07.02 मुख्य धरातलीय स्वरूपहरू	7SS07.02					7	7	np	Science	Earth	Geology			7SS07.02_मुख्य_धरातलीय_स्वरूपहरू.json	game																					
	7SS07.04 हावापानीले मानव जीवनमा पार्ने प्रभाव	7SS07.04					7	7	np	Social Studies	Geography	Landforms			7SS07.04_हावापानीले_मानव_जीवनमा_पार्ने_प्रभाव.json	game																					
	7SS07.05 उचाइअनुसार तापक्रममा फरक	7SS07.05					7	7	np	Social Studies	Geography	Landforms			7SS07.05_उचाइ_अनुसार_तापक्रममा_फरक.json	game																					
	7SS07.07 नेपालका सात प्रदेश	7SS07.07					7	7	np	Social Studies	Community	Government	Other Government		7SS07.07_नेपालका_सात_प्रदेश.json	game																					
	7SS07.08 जलवायु परिवर्तन	7SS07.08	8SS07.03				7	8	np	Science	Earth	Human Impact	Other Human Impact		7SS07.08_जलवायु_परिवर्तन.json	game																					
	7SS07.09 विपत् व्यवस्थापन: हिउँ पहिरो	7SS07.09					7	7	np	Science	Earth	Human Impact	Other Human Impact		7SS07.09_विपत्_व्यवस्थापन_हिउँ_पहिरो.json	game																					
	7SS07.10 नक्साको अध्ययन	7SS07.10					7	7	np	Social Studies	Geography	Maps			7SS07.10_नक्साको_अध्ययन.json	game																					
	7SS09.02 सार्कमा नेपालको भूमिका	7SS09.02					7	7	np	Social Studies	Geography	Asia	Nepal		7SS09.02_सार्कमा_नेपालको_भूमिका.json	game																					
	7SS09.02 सार्कको कार्य क्षेत्र	7SS09.02					7	7	np	Social Studies	Geography	Asia	Nepal		7SS09.02_सार्कको_कार्य_क्षेत्र.json	game																					
	7SS09.03 अनलाइन सेवा	7SS09.03					7	7	np	Science	IT	Internet			7SS09.03_अनलाइन_सेवा.json	game																					
	7SS09.04 साइबर अपराधबाट जोगिने उपाय	7SS09.04					7	7	np	Social Studies	Issues	Solutions			7SS09.04_साइबर_अपराधबाट_जोगिने_उपाय.json	game																					
	7SS09.04 सामाजिक सञ्जालको दुरुपयोग र त्यसका असरहरू	7SS09.04					7	7	np	Social Studies	Issues	Other Issues			7SS09.04_सामाजिक_सञ्जालको_दुरुपयोग_र_त्यसका_असरहरू.json	game																					
	7SS09.04 साइबर अपराध र यसका प्रकार	7SS09.04					7	7	np	Social Studies	Issues	Other Issues			7SS09.04_साइबर_अपराध_र_यसका_प्रकार.json	game																					
	"7SS09.05 लक्षण, रोकथाम र तथ्यहरू"	7SS09.05					7	7	np	Social Studies	Issues	Solutions			7SS09.05_लक्षण_रोकथाम_र_तथ्यहरू.json	game																					
	7SS09.05 नोबेल शान्ति पुरस्कार २०२०	7SS09.05					7	7	np	Social Studies	Issues	Solutions			7SS09.05_नोबेल_शान्ति_पुरस्कार_२०२०.json	game																					
	5N01 द्रव्यवाचक र भाववाचक नाम	5N01					5	5	np	Language	Nepali	Grammar	Nouns		5N01_द्रव्यवाचक_र_भाववाचक_नाम.json	game																					
	"5N01 नामका प्रकार: व्यक्तिवाचक, जातिवाचक र समूहवाचक"	5N01					5	5	np	Language	Nepali	Grammar	Nouns		"5N01_नामका_प्रकार_व्यक्तिवाचक,_जातिवाचक_र_समूहवाचक.json"	game																					
	5N01 सर्वनाम	5N01					5	5	np	Language	Nepali	Grammar	Pronouns		5N01_सर्वनाम.json	game																					
	5N02 अनुकरणात्मक शब्द	5N02					5	5	np	Language	Nepali	Grammar	Vocabulary		5N02_अनुकरणात्मक_शब्द.json	game																					
	5N02 आपसमा मेलमिलाप र सहयोग	5N02					5	5	np	Language	Nepali	Grammar	Vocabulary		5N02_आपसमा_मेलमिलाप_र_सहयोग.json	game																					
	5N02 विशेषण	5N02					5	5	np	Language	Nepali	Grammar	Adjectives		5N02_विशेषण.json	game																					
	5N02 हाउभाउ कुराकानी	5N02					5	5	np	Language	Nepali	Grammar	Interjections		5N02_हाउभाउ_कुराकानी.json	game																					
	5N03 क्रियापद	5N03					5	5	np	Language	Nepali	Grammar	Verbs		5N03_क्रियापद.json	game																					
	5N03 सञ्चारका साधन	5N03					5	5	np	Language	Nepali	Grammar	Vocabulary		5N03_सञ्चारका_साधन.json	game																					
	5N04 क्रियायोगी	5N04					5	5	np	Language	Nepali	Grammar	Adverbs		5N04_क्रियायोगी.json	game																					
	5N04 नामयोगी	5N04					5	5	np	Language	Nepali	Grammar	Prepositions		5N04_नामयोगी.json	game																					
	5N05 अनुपात	5N05					5	5	np	Language	Nepali	Grammar	Adverbs		5N05_अनुपात.json	game																					
	5N05 श्रुतिसमभिन्नार्थक	5N05					5	5	np	Language	Nepali	Grammar	Homonyms		5N05_श्रुतिसमभिन्नार्थक.json	game																					
	5N05 संयोजक शब्द	5N05					5	5	np	Language	Nepali	Grammar	Conjunction		5N05_संयोजक शब्द.json	game																					
	5N06 समूहवाचक शब्द	5N06					5	5	np	Language	Nepali	Grammar	Nouns		5N06_समूहवाचक_शब्द.json	game																					
	5N09 वर्तमान काल	5N09					5	5	np	Language	Nepali	Grammar	Present		5N09_वर्तमान_काल.json	game																					
	5N10 भूतकाल	5N10					5	5	np	Language	Nepali	Grammar	Past		5N10_भूतकाल.json	game																					
	5N11 भान्जीलाई चिठि	5N11					5	5	np	Language	Nepali	Grammar	Sentence		5N11_भान्जीलाई_चिठि.json	game																					
	5N11 समावेशी शिक्षाका माध्यमहरू	5N11					5	5	np	Language	Nepali	Grammar	Vocabulary		5N11_समावेशी_शिक्षाका_माध्यमहरू.json	game																					
	5N12 पूर्ण र अपूर्ण पक्ष	5N12					5	5	np	Language	Nepali	Grammar	Perfect		5N12_पूर्ण_र_अपूर्ण_पक्ष.json	game																					
	5N12 सङ्खुवासभा र पर्यटन व्यवसाय	5N12					5	5	np	Language	Nepali	Grammar	Vocabulary		5N12_सङ्खुवासभा_र_पर्यटन_व्यवसाय.json	game																					
	5N13 विभक्ति	5N13					5	5	np	Language	Nepali	Grammar	Prepositions		5N13_विभक्ति.json	game																					
	5N14 एकवचन–बहुवचन	5N14					5	5	np	Language	Nepali	Grammar	Singular Plural		5N14_एकवचन–बहुवचन.json	game																					
	5N14 लिङ्ग	5N14	7N11				5	7	np	Language	Nepali	Grammar	Gender		5N14_लिङ्ग.json	game																					
	5N15 समावेशक र समावेश्य शब्द	5N15	7N05				5	7	np	Language	Nepali	Grammar	Vocabulary		5N15_समावेशक_र_समावेश्य_शब्द.json	game																					
	आदर	7N12	7N14				6	9	np	Language	Nepali	Grammar			आदर.json	game																					
	"पूर्ण भूत, वर्तमान र भविष्यत्"	7N07					5	9	np	Language	Nepali	Grammar	Tenses		पूर्ण_भूत_वर्तमान_र_भविष्यत्.json	game																					
	चिन्हहरु	7N03	6N05				4	8	np	Language	Nepali	Grammar	Punctuation		चिन्हहरु.json	game																					
	"तत्सम, तद्भव र आगन्तुक शब्द"	7N14					4	8	np	Language	Nepali	Other Nepali			तत्सम_तद्भव_र_आगन्तुक_शब्द.json	game																					
	धातुको प्रकार	7N02					4	8	np	Language	Nepali	Grammar			धातुको_प्रकार.json	game																					
	नामयोगी र क्रियायोगी	7N14	7N09				6	9	np	Language	Nepali	Grammar			नामयोगी_र_क्रियायोगी.json	game																					
	पदयोग र पदवियोग १	7N15					6	8	np	Language	Nepali	Grammar			पदयोग_र_पदवियोग_१.json	game																					
	पारिभाषिक/प्राविधिक	7N03	7N10				6	8	np	Language	Nepali	Other Nepali			पारिभाषिक_प्राविधिक.json	game																					
	शिष्टाचार र सम्बोधन शब्द	6N04	6N14				6	8	np	Language	Nepali	Contexts			शिष्टाचार_र सम्बोधन_शब्द.json	game																					